Workbook

Sheet DASHBOARD
B2: 📊 DASHBOARD ARMEDIA NET GUMELAR
B3: ="Update otomatis: "&TEXT(NOW(),"DD MMMM YYYY, HH:MM") -> Update otomatis: 20 Juli 2026, 11:22
B5: 👥 PELANGGAN AKTIF | D5: 💰 PENDAPATAN BULAN INI | F5: 🎁 DANA CSR | H5: 📦 SISA STOK ONT
B6: =COUNTIF('2_Data_Pelanggan'!$W$5:$W$500,"Aktif") -> 178 | D6: {=INDEX('10_Tagihan_Bulanan'!$F$208:$Q$208,1,MONTH(NOW()))} -> 15569418 | F6: ='5_Rekap_CSR'!D160 -> 390000 | H6: ='3_Perangkat'!C4 -> 128
B8: ="🔴 "&COUNTIF('2_Data_Pelanggan'!$W$5:$W$500,"Berhenti")&" berhenti" -> 🔴 3 berhenti | D8: =CHOOSE(MONTH(NOW()),"Januari","Februari","Maret","April","Mei","Juni","Juli","Agustus","September","Oktober","November","Desember") -> Juli | F8: Belum dicairkan | H8: unit tersedia
B11: 🚨 GANGGUAN JARINGAN | G11: 📋 PERLU TINDAKAN
B12: =COUNTIFS('9_Monitoring_Netwatch'!$C$4:$C$300,"DOWN",'9_Monitoring_Netwatch'!$E$4:$E$300,"?*")&" pelanggan sedang OFFLINE" -> 9 pelanggan sedang OFFLINE | G12: =SUMPRODUCT(('2_Data_Pelanggan'!$D$5:$D$500<>"")*(('2_Data_Pelanggan'!$I$5:$I$500="")+('2_Data_Pelanggan'!$J$5:$J$500="")>0))&" — RW/RT kosong" -> 16 — RW/RT kosong
B13: Cek sheet 9_Monitoring_Netwatch, gunakan link WA Follow Up Gangguan | G13: =COUNTIFS('2_Data_Pelanggan'!$D$5:$D$500,"<>",'2_Data_Pelanggan'!$E$5:$E$500,"")&" — NIK kosong" -> 34 — NIK kosong
G14: =COUNTIF('5_Rekap_CSR'!$Z$3:$Z$141,"Belum Dibayar")&" — RT Dana CSR belum cair" -> 139 — RT Dana CSR belum cair

Sheet 0_Panduan
B2: PANDUAN STRUKTUR DATABASE ARMEDIA
B3: Klik nama sheet di kolom kiri untuk langsung berpindah ke sheet tersebut
B6: SHEET | C6: PERAN & ALUR DATA
B7: 1_Calon_Pelanggan | C7: Daftar pendaftar BARU (PSB = Pasang Sambungan Baru). Belum tentu terpasang. Kolom "Status" menandai sudah Terpasang atau belum. Setelah terpasang & dapat ID Pelanggan (format G-xxxxxxx), data lengkapnya WAJIB dipindah/dicatat di sheet "2_Data_Pelanggan".
B8: 2_Data_Pelanggan | C8: SHEET MASTER / ACUAN UTAMA. Semua pelanggan yang sudah terpasang & aktif berlangganan dicatat lengkap di sini: identitas, alamat (Kec/Desa/RW/RT), paket, perangkat, status, link foto, lokasi & WhatsApp. Sheet lain (Rekap CSR) mengambil data dari sini secara otomatis via formula.
B9: ARSIP_Data_Teknis_Lama | C9: Data teknis versi LAMA. Sebagian isinya sudah terduplikasi dengan "2_Data_Pelanggan". Jangan diisi data baru di sini — gunakan "2_Data_Pelanggan" sebagai acuan utama. Sheet ini akan digabung/dirapikan saat proses input ulang data.
B10: 3_Perangkat | C10: Daftar inventaris perangkat ONT (nomor seri) yang terpasang. Terhubung ke "2_Data_Pelanggan" lewat kolom ID Perangkat.
B11: 4_Produk | C11: Daftar referensi paket & harga (ARMED 10-100, HEROIK 10-150). Dipakai sebagai acuan Paket & Harga otomatis di "2_Data_Pelanggan" lewat VLOOKUP.
B12: 5_Rekap_CSR | C12: Rekap otomatis dana CSR (Rp3.000/pelanggan/bulan, dibagi Desa Rp1.000 & RT Rp2.000). Dihitung otomatis dari "2_Data_Pelanggan" — TIDAK perlu diisi manual.
B13: 6_Marketing | C13: Pencatatan fee untuk mitra/marketing per pelanggan yang mereka referensikan.
B14: 8_Master_ODP | C14: Daftar kapasitas & pemakaian tiap titik ODP (15 titik, hasil ekstrak dari data lama). Kolom Kapasitas Maks & Desa/Lokasi masih perlu dilengkapi tim teknisi.
B15: 9_Monitoring_Netwatch | C15: Paste data export Netwatch Mikrotik (IP + Status) di kolom kuning — otomatis cocok ke pelanggan (Nama, Desa, RW/RT, WA) via pencarian IP di Data Pelanggan.
B16: 10_Tagihan_Bulanan | C16: Riwayat pembayaran tiap pelanggan per bulan (Jan-Des). ID/Nama/Paket otomatis dari 2_Data_Pelanggan; angka pembayaran diisi manual. Kolom bulan berjalan otomatis ter-highlight.
B17: 11_Slip_Gaji
B18: Tabel_ProRata | C18: Acuan cepat tagihan bulan pertama (pro-rata) untuk 8 paket ARMED, tanggal 1-30. Otomatis dari harga di 4_Produk.
B19: Registrasi_OLT | C19: Generator perintah registrasi OLT (ZTE GPON) + Netwatch Mikrotik. Ketik ID pelanggan, perintah CLI otomatis siap copy-paste. Lengkapi Port & Index di Data Pelanggan dulu.
B20: ⚠ CATATAN PENTING
B21: Ada kemungkinan data duplikat (nama/HP sama tercatat 2x) yang belum diverifikasi manual — akan dibenahi saat proses input ulang data lapangan.
B23: 📋 TEMPLATE PESAN WA — Minta Data RT/RW Pelanggan
B24: Selamat siang Bapak/Ibu [Nama Pelanggan], Mohon maaf mengganggu waktunya. Saya dari Tim Teknis Armedia Net wilayah Gumelar ingin melakukan pendataan ulang wilayah pelanggan. Boleh dibantu informasinya untuk posisi rumahnya di Cihonje masuk: RT berapa: RW berapa: Terima kasih banyak sebelumnya atas kerjasamanya.
B25: Catatan: ganti [Nama Pelanggan] sesuai penerima. Cocok dipakai untuk 14 pelanggan Cihonje yang RT/RW-nya masih kosong (lihat daftar di chat).
B28: ALUR CALON → PELANGGAN (manual)
B29: 1. Input calon | C29: Isi di sheet 1_Calon_Pelanggan (kolom kuning). NO & dropdown Status/Layanan otomatis.
B30: 2. Update status | C30: Saat proses: ganti Status (Belum → Survey → Jadwal → Aktif) lewat dropdown.
B31: 3. Sudah terpasang? | C31: Buka sheet 2_Data_Pelanggan, ke baris kosong pertama (kuning). Ketik: Nama, Produk ID (AR-2 dst), No.HP, Desa, RW, RT, Tgl Aktif. Sisanya (ID, Paket, Harga, Pro-rata, Profile) MUNCUL OTOMATIS.
B32: 4. Lengkapi teknis | C32: Isi IP, SN, ODP, Port OLT, Index, Redaman di Data Pelanggan.
B33: 5. Hapus dari calon | C33: Kembali ke 1_Calon_Pelanggan, klik kanan baris calon tadi > Hapus baris. Selesai.
B34: CATATAN | C34: Menu ARMEDIA cuma muncul di Google Sheets versi KOMPUTER, tidak di HP. Pemindahan dilakukan dari laptop.
B36: 12_ONT_NEW | C36: Inventaris ONT baru/stok (SN, MAC, SSID, status terpakai/belum, teknisi).
B37: 13_ONT_EROR | C37: Daftar ONT error/retur dari pelanggan (SN, keterangan kerusakan).
B38: 14_OPR | C38: Catatan biaya operasional (pembelian kabel, konektor, dll).
B40: PENANDA AUDIT DATA
B41: Merah (IP/SN) | C41: IP atau SN kembar - cek mana yang benar (arahkan kursor ke sel utk detail)
B42: Kuning (Nama) | C42: Kemungkinan pelanggan dobel - cek apakah orang yang sama

Sheet 1_Calon_Pelanggan
A1: 📋 Daftar CALON pelanggan (belum tentu terpasang). Jika sudah Terpasang & punya ID Pelanggan, catat lengkap di sheet "2_Data_Pelanggan".
A3: no | B3: Nama Pelanggan | C3: Nomor Telepon | D3: NO LAPORAN | E3: Alamat Pemasangan | F3: Jadwal Pasang | G3: Jenis Layanan | H3: Status | I3: marketing
A4: =IF($B4="","",COUNTA($B$4:$B4)) -> 1 | B4: tanti setya ningsih | C4: 082134180021 | D4: PSB15226062302 | E4: karang kemiri,tlaga rt01/rw04 kec.gumelar | G4: Internet 20 Mbps | H4: Belum
A5: =IF($B5="","",COUNTA($B$4:$B5)) -> 2 | B5: suritno | C5: 085742794085 | D5: PSB15226062701 | E5: Palumbungan rt2/rw2 | G5: Internet 20 Mbps | H5: Belum
A6: =IF($B6="","",COUNTA($B$4:$B6)) -> 3 | B6: balaidesa gumelar | D6: PSB15226063005 | G6: Internet 50 Mbps | H6: Belum | I6: pak yusuf
A7: =IF($B7="","",COUNTA($B$4:$B7)) -> 4 | B7: suripno | C7: 085742794085 | D7: PSB15226063006 | E7: gumelar 02/rw02 | G7: Internet 20 Mbps | H7: Belum | I7: pak yusuf
A8: =IF($B8="","",COUNTA($B$4:$B8)) -> 5 | B8: siti solehati | C8: 085258650061 | D8: PSB15226063008 | E8: Gumelar, gang kiri masuk sebelum polsek 07/01 | G8: Internet 20 Mbps | H8: Belum | I8: agan
A9: =IF($B9="","",COUNTA($B$4:$B9)) -> 6 | B9: andre sayur | D9: PSB15226063011 | E9: gumelar rt07/rw01 | G9: Internet 20 Mbps | H9: Belum | I9: pak yusuf
A10: =IF($B10="","",COUNTA($B$4:$B10)) -> 7 | B10: SULIYAH | C10: 085747997069 | D10: PSB15226063014 | E10: Depan SDN cilangkap satria | G10: Internet 20 Mbps | H10: Belum | I10: pak yusuf
A11: =IF($B11="","",COUNTA($B$4:$B11)) -> 8 | B11: KASLAM | C11: 085701908313 | D11: PSB15226070202 | E11: GUMELAR 02/04 | G11: Internet 20 Mbps | H11: Belum
A12: =IF($B12="","",COUNTA($B$4:$B12)) -> 9 | B12: watri | C12: 085643133951 | D12: PSB15226070203 | E12: GUMELAR 02/04 | G12: Internet 20 Mbps | H12: Belum
A13: =IF($B13="","",COUNTA($B$4:$B13)) -> 10 | B13: FIRDOS PRIO GUNAWAN | C13: 085747304136 | D13: PSB15226070501 | E13: Gumelar 003/002 | G13: Internet 20 Mbps | H13: Belum
A14: =IF($B14="","",COUNTA($B$4:$B14)) -> 11 | B14: Jamhari | C14: 081210533307 | D14: PSB15226070502 | E14: Cilangkap 001/001 | G14: Internet 20 Mbps | H14: Belum | J14: https://maps.app.goo.gl/1DiPYcbuNpUPYenS6
A15: =IF($B15="","",COUNTA($B$4:$B15)) -> 12 | B15: RAMINAH | C15: 081226123793 | D15: PSB15226070504 | E15: Gumelar Rt 6/ Rw 1 | G15: Internet 20 Mbps | H15: Belum
A16: =IF($B16="","",COUNTA($B$4:$B16)) -> 13 | B16: DANI ISKANDAR SLAMET | C16: 0882006218144 | D16: PSB15226070505 | E16: Gumelar RT.09 / RW 01 | G16: Internet 20 Mbps | H16: Belum | I16: andono
A17: =IF($B17="","",COUNTA($B$4:$B17)) -> 14 | B17: RIMBOWO | C17: 085600244148 | D17: PSB15226070801 | E17: GUMELAR RT 06/05 | G17: Internet 20 Mbps | H17: Belum
A18: =IF($B18="","",COUNTA($B$4:$B18)) -> 15 | B18: SRIYANTI LESTARI | C18: 085815697840 | D18: PSB15226070802 | E18: GUMELAR RT 08/01 | G18: Internet 20 Mbps | H18: Belum
A19: =IF($B19="","",COUNTA($B$4:$B19)) -> 16 | B19: SALSADILA NAHDIATUL AWALIYAH | C19: 81228624907 | D19: PSB15226070901 | E19: GUMELAR RT 6/9 | G19: Internet 50 Mbps
A20: =IF($B20="","",COUNTA($B$4:$B20))
A21: =IF($B21="","",COUNTA($B$4:$B21))
A22: =IF($B22="","",COUNTA($B$4:$B22))
A23: =IF($B23="","",COUNTA($B$4:$B23))
A24: =IF($B24="","",COUNTA($B$4:$B24))
A25: =IF($B25="","",COUNTA($B$4:$B25))
A26: =IF($B26="","",COUNTA($B$4:$B26))
A27: =IF($B27="","",COUNTA($B$4:$B27))
A28: =IF($B28="","",COUNTA($B$4:$B28))
A29: =IF($B29="","",COUNTA($B$4:$B29))
A30: =IF($B30="","",COUNTA($B$4:$B30))
A31: =IF($B31="","",COUNTA($B$4:$B31))
... A59: =IF($B59="","",COUNTA($B$4:$B59))

Sheet 2_Data_Pelanggan
A1: SHEET MASTER — acuan utama seluruh pelanggan aktif. Lihat sheet "0_Panduan" untuk detail alur data.
A3: NO | B3: ID BARU | C3: ID LAMA | D3: NAMA | E3: NIK KTP | F3: No.HP | G3: Kec | H3: Desa | I3: RW | J3: RT | K3: Kota/Kab | L3: Produk ID | M3: Paket | N3: Harga | O3: IP | P3: Perangkat ID | Q3: SN | R3: ODP | S3: Tgl Aktif | T3: Panjang Kabel | U3: PON OLT | V3: Keterangan | W3: Status | X3: Link Foto | Y3: Link Maps | Z3: WA - Konfirmasi RT/RW | AA3: WA - Umum | AB3: WA - Invoice Tagihan | AC3: WA - Foto/Lokasi | AD3: SSID | AE3: Password WiFi | AF3: VLAN | AG3: Tipe ONU | AH3: Jatuh Tempo Bulan Ini | AI3: WA - Ingatkan (H-3) | AJ3: WA - Jatuh Tempo Hari Ini | AK3: WA - Lewat Tempo | AL3: Tagihan Bln-1 (Pro-rata) | AM3: WA - Invoice Pelanggan Baru | AN3: Port OLT | AO3: Index OLT | AP3: Profile | AQ3: VLAN OLT | AR3: Redaman (dBm) | AS3: SN Lama | AT3: Teknisi Pasang
A5: =IF($D5="","",COUNTA($D$5:$D5)) -> 1 | B5: =IF($D5="","","ARM-"&TEXT(COUNTA($D$5:$D5),"0000")) -> ARM-0001 | C5: G-15226030001 | D5: KANTOR | G5: Gumelar | K5: Banyumas | L5: AR-6 | M5: =IFERROR(VLOOKUP(L5, '4_Produk'!C:E, 2, FALSE()), "") -> 100 | N5: =IFERROR(VLOOKUP(L5, '4_Produk'!C:E, 3, FALSE()), "") -> 330000 | O5: 10.152.2.2 | T5: 3 | U5: 1/1/8:2 | V5: FREE | W5: Aktif | Z5: =IF($F5="","",HYPERLINK("https://wa.me/62"&MID($F5,2,LEN($F5)-1)&"?text="&SUBSTITUTE(SUBSTITUTE("Selamat "&IF(HOUR(NOW())<11,"Pagi",IF(HOUR(NOW())<15,"Siang",IF(HOUR(NOW())<18,"Sore","Malam")))&" Bapak/Ibu "&$D5&","&CHAR(10)&CHAR(10)&"Mohon maaf mengganggu waktunya. Saya dari Tim Teknis Armedia Net wilayah Gumelar ingin melakukan konfirmasi data pelanggan."&CHAR(10)&CHAR(10)&"ID Pelanggan: "&$B5&CHAR(10)&"Boleh dibantu konfirmasi RT/RW rumahnya?"&CHAR(10)&"RT: "&CHAR(10)&"RW: "&CHAR(10)&CHAR(10)&"Terima kasih banyak sebelumnya atas kerjasamanya.",CHAR(10),"%0A")," ","%20"),"Chat WA")) | AA5: =IF($F5="","",HYPERLINK("https://wa.me/62"&MID($F5,2,LEN($F5)-1),"Chat WA")) | AB5: =IF($F5="","",HYPERLINK("https://wa.me/62"&MID($F5,2,LEN($F5)-1)&"?text="&SUBSTITUTE(SUBSTITUTE("📄 *INVOICE TAGIHAN INTERNET*"&CHAR(10)&"ARMEDIA NET - Gumelar"&CHAR(10)&CHAR(10)&"No. Invoice: "&$B5&"/"&CHOOSE(MONTH(NOW()),"JAN","FEB","MAR","APR","MEI","JUN","JUL","AGU","SEP","OKT","NOV","DES")&YEAR(NOW())&CHAR(10)&"Tanggal: "&TEXT(NOW(),"DD/MM/YYYY")&CHAR(10)&CHAR(10)&"Pelanggan: "&$D5&CHAR(10)&"ID Pelanggan: "&$B5&CHAR(10)&CHAR(10)&"Rincian:"&CHAR(10)&"Paket Internet "&$M5&" Mbps"&CHAR(10)&"Rp"&TEXT($N5,"#,##0")&CHAR(10)&CHAR(10)&"TOTAL TAGIHAN: Rp"&TEXT($N5,"#,##0")&CHAR(10)&CHAR(10)&"Periode: "&CHOOSE(MONTH(NOW()),"Januari","Februari","Maret","April","Mei","Juni","Juli","Agustus","September","Oktober","November","Desember")&" "&YEAR(NOW())&CHAR(10)&CHAR(10)&"Mohon lakukan pembayaran dan konfirmasi setelah transfer. Terima kasih atas kerjasamanya."&CHAR(10)&CHAR(10)&"ARMEDIA NET - Gumelar",CHAR(10),"%0A")," ","%20"),"Kirim Invoice")) | AC5: =IF($F5="","",HYPERLINK("https://wa.me/62"&MID($F5,2,LEN($F5)-1)&"?text="&SUBSTITUTE(SUBSTITUTE("Selamat "&IF(HOUR(NOW())<11,"Pagi",IF(HOUR(NOW())<15,"Siang",IF(HOUR(NOW())<18,"Sore","Malam")))&" Bapak/Ibu "&$D5&","&CHAR(10)&CHAR(10)&"Mohon maaf mengganggu waktunya. Kami sedang melengkapi dokumentasi data pelanggan ARMEDIA Net."&CHAR(10)&CHAR(10)&"ID Pelanggan: "&$B5&CHAR(10)&"Mohon bantuannya kirim foto rumah tampak depan, dan share lokasi Google Maps rumahnya."&CHAR(10)&CHAR(10)&"Terima kasih banyak atas kerjasamanya.",CHAR(10),"%0A")," ","%20"),"Chat WA")) | AD5: =IFERROR(VLOOKUP($Q5,'12_ONT_NEW'!$D:$G,4,FALSE()),"") | AH5: =IFERROR(IF($S5="","",DATE(YEAR(TODAY()),MONTH(TODAY()),DAY($S5))),"") | AI5: =IF($F5="","",HYPERLINK("https://wa.me/62"&MID($F5,2,LEN($F5)-1)&"?text="&SUBSTITUTE(SUBSTITUTE("Halo, mengingatkan tagihan yang akan jatuh tempo dalam beberapa hari 🙏"&CHAR(10)&CHAR(10)&"Yth. Bapak/Ibu "&$D5&CHAR(10)&CHAR(10)&"Invoice tagihan internet ARMEDIA Net:"&CHAR(10)&CHAR(10)&"ID Pelanggan: "&$B5&CHAR(10)&"No. Invoice: "&$B5&"-"&TEXT(TODAY(),"yymmdd")&CHAR(10)&"Layanan: Internet "&$M5&" Mbps"&CHAR(10)&"Harga Paket: Rp"&TEXT($N5,"#,##0")&CHAR(10)&"Periode: 1 Bulan"&CHAR(10)&"Jatuh Tempo: "&IF($AH5="","(tgl pasang belum diisi)",TEXT($AH5,"DD-")&CHOOSE(MONTH(TODAY()),"Jan","Feb","Mar","Apr","Mei","Jun","Jul","Agu","Sep","Okt","Nov","Des")&TEXT($AH5,"-YYYY"))&CHAR(10)&CHAR(10)&"Total Tagihan: Rp"&TEXT($N5,"#,##0")&CHAR(10)&CHAR(10)&"Pembayaran transfer ke:"&CHAR(10)&"Bank Mandiri"&CHAR(10)&"006-001-460711-7"&CHAR(10)&"a.n PT AKSES ARTHA MEDIA"&CHAR(10)&CHAR(10)&"Atau bayar tunai ke kantor ARMEDIA Net, Gumelar."&CHAR(10)&"Konfirmasi setelah transfer ya. Terima kasih."&CHAR(10)&CHAR(10)&"Salam, ARMEDIA Net - Gumelar",CHAR(10),"%0A")," ","%20"),"Kirim WA")) | AJ5: =IF($F5="","",HYPERLINK("https://wa.me/62"&MID($F5,2,LEN($F5)-1)&"?text="&SUBSTITUTE(SUBSTITUTE("Halo, tagihan internet Anda jatuh tempo HARI INI ya 🗓"&CHAR(10)&CHAR(10)&"Yth. Bapak/Ibu "&$D5&CHAR(10)&CHAR(10)&"Invoice tagihan internet ARMEDIA Net:"&CHAR(10)&CHAR(10)&"ID Pelanggan: "&$B5&CHAR(10)&"No. Invoice: "&$B5&"-"&TEXT(TODAY(),"yymmdd")&CHAR(10)&"Layanan: Internet "&$M5&" Mbps"&CHAR(10)&"Harga Paket: Rp"&TEXT($N5,"#,##0")&CHAR(10)&"Periode: 1 Bulan"&CHAR(10)&"Jatuh Tempo: "&IF($AH5="","(tgl pasang belum diisi)",TEXT($AH5,"DD-")&CHOOSE(MONTH(TODAY()),"Jan","Feb","Mar","Apr","Mei","Jun","Jul","Agu","Sep","Okt","Nov","Des")&TEXT($AH5,"-YYYY"))&CHAR(10)&CHAR(10)&"Total Tagihan: Rp"&TEXT($N5,"#,##0")&CHAR(10)&CHAR(10)&"Pembayaran transfer ke:"&CHAR(10)&"Bank Mandiri"&CHAR(10)&"006-001-460711-7"&CHAR(10)&"a.n PT AKSES ARTHA MEDIA"&CHAR(10)&CHAR(10)&"Atau bayar tunai ke kantor ARMEDIA Net, Gumelar."&CHAR(10)&"Konfirmasi setelah transfer ya. Terima kasih."&CHAR(10)&CHAR(10)&"Salam, ARMEDIA Net - Gumelar",CHAR(10),"%0A")," ","%20"),"Kirim WA")) | AK5: =IF($F5="","",HYPERLINK("https://wa.me/62"&MID($F5,2,LEN($F5)-1)&"?text="&SUBSTITUTE(SUBSTITUTE("Halo, tagihan internet Anda sudah MELEWATI jatuh tempo. Mohon segera diselesaikan agar layanan tidak terputus 🙏"&CHAR(10)&CHAR(10)&"Yth. Bapak/Ibu "&$D5&CHAR(10)&CHAR(10)&"Invoice tagihan internet ARMEDIA Net:"&CHAR(10)&CHAR(10)&"ID Pelanggan: "&$B5&CHAR(10)&"No. Invoice: "&$B5&"-"&TEXT(TODAY(),"yymmdd")&CHAR(10)&"Layanan: Internet "&$M5&" Mbps"&CHAR(10)&"Harga Paket: Rp"&TEXT($N5,"#,##0")&CHAR(10)&"Periode: 1 Bulan"&CHAR(10)&"Jatuh Tempo: "&IF($AH5="","(tgl pasang belum diisi)",TEXT($AH5,"DD-")&CHOOSE(MONTH(TODAY()),"Jan","Feb","Mar","Apr","Mei","Jun","Jul","Agu","Sep","Okt","Nov","Des")&TEXT($AH5,"-YYYY"))&CHAR(10)&CHAR(10)&"Total Tagihan: Rp"&TEXT($N5,"#,##0")&CHAR(10)&CHAR(10)&"Pembayaran transfer ke:"&CHAR(10)&"Bank Mandiri"&CHAR(10)&"006-001-460711-7"&CHAR(10)&"a.n PT AKSES ARTHA MEDIA"&CHAR(10)&CHAR(10)&"Atau bayar tunai ke kantor ARMEDIA Net, Gumelar."&CHAR(10)&"Konfirmasi setelah transfer ya. Terima kasih."&CHAR(10)&CHAR(10)&"Salam, ARMEDIA Net - Gumelar",CHAR(10),"%0A")," ","%20"),"Kirim WA")) | AL5: =IFERROR(IF(OR($S5="",$N5=""),"",ROUND((30-DAY($S5))*$N5/30,0)),"") | AM5: =IF($F5="","",HYPERLINK("https://wa.me/62"&MID($F5,2,LEN($F5)-1)&"?text="&SUBSTITUTE(SUBSTITUTE("Selamat datang di ARMEDIA Net, Bapak/Ibu "&$D5&"!"&CHAR(10)&CHAR(10)&"Terima kasih sudah bergabung. Berikut invoice TAGIHAN PERTAMA Anda:"&CHAR(10)&CHAR(10)&"ID Pelanggan: "&$B5&CHAR(10)&"Layanan: Internet "&$M5&" Mbps"&CHAR(10)&"Harga Normal: Rp"&TEXT($N5,"#,##0")&"/bulan"&CHAR(10)&"Tanggal Pasang: "&IF($S5="","-",TEXT($S5,"DD ")&CHOOSE(MONTH(TODAY()),"Jan","Feb","Mar","Apr","Mei","Jun","Jul","Agu","Sep","Okt","Nov","Des")&TEXT($S5,"-YYYY"))&CHAR(10)&CHAR(10)&"TAGIHAN BULAN PERTAMA (pro-rata):"&CHAR(10)&"Rp"&IF($AL5="","-",TEXT($AL5,"#,##0"))&CHAR(10)&CHAR(10)&"Kenapa beda dari harga normal? Karena tagihan bulan pertama dihitung dari tanggal pasang (bukan awal bulan). Bulan berikutnya sudah normal Rp"&TEXT($N5,"#,##0")&"."&CHAR(10)&CHAR(10)&"Pembayaran transfer ke:"&CHAR(10)&"Bank Mandiri"&CHAR(10)&"006-001-460711-7"&CHAR(10)&"a.n PT AKSES ARTHA MEDIA"&CHAR(10)&CHAR(10)&"Atau tunai ke kantor ARMEDIA Net, Gumelar."&CHAR(10)&"Konfirmasi setelah transfer ya. Terima kasih!"&CHAR(10)&CHAR(10)&"Salam, ARMEDIA Net - Gumelar",CHAR(10),"%0A")," ","%20"),"Kirim Invoice")) | AP5: =IF($M5="","",IFERROR(LOOKUP(9999,--LEFT($M5,ROW(INDIRECT("1:"&LEN($M5)))))&"M_UP","")) -> 1M_UP | AQ5: 1521
A6: =IF($D6="","",COUNTA($D$5:$D6)) -> 2 | B6: =IF($D6="","","ARM-"&TEXT(COUNTA($D$5:$D6),"0000")) -> ARM-0002 | C6: G-15226030002 | D6: PERTASHOP | G6: Gumelar | K6: Banyumas | L6: AR-4 | M6: =IFERROR(VLOOKUP(L6, '4_Produk'!C:E, 2, FALSE()), "") -> 50 | N6: =IFERROR(VLOOKUP(L6, '4_Produk'!C:E, 3, FALSE()), "") -> 182000 | O6: 10.152.3.2 | P6: PG-1522602026 | Q6: HWTC072EFD8F | T6: 10 | U6: 1/1/8:1 | V6: FREE | W6: Aktif | Z6: =IF($F6="","",HYPERLINK("https://wa.me/62"&MID($F6,2,LEN($F6)-1)&"?text="&SUBSTITUTE(SUBSTITUTE("Selamat "&IF(HOUR(NOW())<11,"Pagi",IF(HOUR(NOW())<15,"Siang",IF(HOUR(NOW())<18,"Sore","Malam")))&" Bapak/Ibu "&$D6&","&CHAR(10)&CHAR(10)&"Mohon maaf mengganggu waktunya. Saya dari Tim Teknis Armedia Net wilayah Gumelar ingin melakukan konfirmasi data pelanggan."&CHAR(10)&CHAR(10)&"ID Pelanggan: "&$B6&CHAR(10)&"Boleh dibantu konfirmasi RT/RW rumahnya?"&CHAR(10)&"RT: "&CHAR(10)&"RW: "&CHAR(10)&CHAR(10)&"Terima kasih banyak sebelumnya atas kerjasamanya.",CHAR(10),"%0A")," ","%20"),"Chat WA")) | AA6: =IF($F6="","",HYPERLINK("https://wa.me/62"&MID($F6,2,LEN($F6)-1),"Chat WA")) | AB6: =IF($F6="","",HYPERLINK("https://wa.me/62"&MID($F6,2,LEN($F6)-1)&"?text="&SUBSTITUTE(SUBSTITUTE("📄 *INVOICE TAGIHAN INTERNET*"&CHAR(10)&"ARMEDIA NET - Gumelar"&CHAR(10)&CHAR(10)&"No. Invoice: "&$B6&"/"&CHOOSE(MONTH(NOW()),"JAN","FEB","MAR","APR","MEI","JUN","JUL","AGU","SEP","OKT","NOV","DES")&YEAR(NOW())&CHAR(10)&"Tanggal: "&TEXT(NOW(),"DD/MM/YYYY")&CHAR(10)&CHAR(10)&"Pelanggan: "&$D6&CHAR(10)&"ID Pelanggan: "&$B6&CHAR(10)&CHAR(10)&"Rincian:"&CHAR(10)&"Paket Internet "&$M6&" Mbps"&CHAR(10)&"Rp"&TEXT($N6,"#,##0")&CHAR(10)&CHAR(10)&"TOTAL TAGIHAN: Rp"&TEXT($N6,"#,##0")&CHAR(10)&CHAR(10)&"Periode: "&CHOOSE(MONTH(NOW()),"Januari","Februari","Maret","April","Mei","Juni","Juli","Agustus","September","Oktober","November","Desember")&" "&YEAR(NOW())&CHAR(10)&CHAR(10)&"Mohon lakukan pembayaran dan konfirmasi setelah transfer. Terima kasih atas kerjasamanya."&CHAR(10)&CHAR(10)&"ARMEDIA NET - Gumelar",CHAR(10),"%0A")," ","%20"),"Kirim Invoice")) | AC6: =IF($F6="","",HYPERLINK("https://wa.me/62"&MID($F6,2,LEN($F6)-1)&"?text="&SUBSTITUTE(SUBSTITUTE("Selamat "&IF(HOUR(NOW())<11,"Pagi",IF(HOUR(NOW())<15,"Siang",IF(HOUR(NOW())<18,"Sore","Malam")))&" Bapak/Ibu "&$D6&","&CHAR(10)&CHAR(10)&"Mohon maaf mengganggu waktunya. Kami sedang melengkapi dokumentasi data pelanggan ARMEDIA Net."&CHAR(10)&CHAR(10)&"ID Pelanggan: "&$B6&CHAR(10)&"Mohon bantuannya kirim foto rumah tampak depan, dan share lokasi Google Maps rumahnya."&CHAR(10)&CHAR(10)&"Terima kasih banyak atas kerjasamanya.",CHAR(10),"%0A")," ","%20"),"Chat WA")) | AD6: =IFERROR(VLOOKUP($Q6,'12_ONT_NEW'!$D:$G,4,FALSE()),"") | AH6: =IFERROR(IF($S6="","",DATE(YEAR(TODAY()),MONTH(TODAY()),DAY($S6))),"") | AI6: =IF($F6="","",HYPERLINK("https://wa.me/62"&MID($F6,2,LEN($F6)-1)&"?text="&SUBSTITUTE(SUBSTITUTE("Halo, mengingatkan tagihan yang akan jatuh tempo dalam beberapa hari 🙏"&CHAR(10)&CHAR(10)&"Yth. Bapak/Ibu "&$D6&CHAR(10)&CHAR(10)&"Invoice tagihan internet ARMEDIA Net:"&CHAR(10)&CHAR(10)&"ID Pelanggan: "&$B6&CHAR(10)&"No. Invoice: "&$B6&"-"&TEXT(TODAY(),"yymmdd")&CHAR(10)&"Layanan: Internet "&$M6&" Mbps"&CHAR(10)&"Harga Paket: Rp"&TEXT($N6,"#,##0")&CHAR(10)&"Periode: 1 Bulan"&CHAR(10)&"Jatuh Tempo: "&IF($AH6="","(tgl pasang belum diisi)",TEXT($AH6,"DD-")&CHOOSE(MONTH(TODAY()),"Jan","Feb","Mar","Apr","Mei","Jun","Jul","Agu","Sep","Okt","Nov","Des")&TEXT($AH6,"-YYYY"))&CHAR(10)&CHAR(10)&"Total Tagihan: Rp"&TEXT($N6,"#,##0")&CHAR(10)&CHAR(10)&"Pembayaran transfer ke:"&CHAR(10)&"Bank Mandiri"&CHAR(10)&"006-001-460711-7"&CHAR(10)&"a.n PT AKSES ARTHA MEDIA"&CHAR(10)&CHAR(10)&"Atau bayar tunai ke kantor ARMEDIA Net, Gumelar."&CHAR(10)&"Konfirmasi setelah transfer ya. Terima kasih."&CHAR(10)&CHAR(10)&"Salam, ARMEDIA Net - Gumelar",CHAR(10),"%0A")," ","%20"),"Kirim WA")) | AJ6: =IF($F6="","",HYPERLINK("https://wa.me/62"&MID($F6,2,LEN($F6)-1)&"?text="&SUBSTITUTE(SUBSTITUTE("Halo, tagihan internet Anda jatuh tempo HARI INI ya 🗓"&CHAR(10)&CHAR(10)&"Yth. Bapak/Ibu "&$D6&CHAR(10)&CHAR(10)&"Invoice tagihan internet ARMEDIA Net:"&CHAR(10)&CHAR(10)&"ID Pelanggan: "&$B6&CHAR(10)&"No. Invoice: "&$B6&"-"&TEXT(TODAY(),"yymmdd")&CHAR(10)&"Layanan: Internet "&$M6&" Mbps"&CHAR(10)&"Harga Paket: Rp"&TEXT($N6,"#,##0")&CHAR(10)&"Periode: 1 Bulan"&CHAR(10)&"Jatuh Tempo: "&IF($AH6="","(tgl pasang belum diisi)",TEXT($AH6,"DD-")&CHOOSE(MONTH(TODAY()),"Jan","Feb","Mar","Apr","Mei","Jun","Jul","Agu","Sep","Okt","Nov","Des")&TEXT($AH6,"-YYYY"))&CHAR(10)&CHAR(10)&"Total Tagihan: Rp"&TEXT($N6,"#,##0")&CHAR(10)&CHAR(10)&"Pembayaran transfer ke:"&CHAR(10)&"Bank Mandiri"&CHAR(10)&"006-001-460711-7"&CHAR(10)&"a.n PT AKSES ARTHA MEDIA"&CHAR(10)&CHAR(10)&"Atau bayar tunai ke kantor ARMEDIA Net, Gumelar."&CHAR(10)&"Konfirmasi setelah transfer ya. Terima kasih."&CHAR(10)&CHAR(10)&"Salam, ARMEDIA Net - Gumelar",CHAR(10),"%0A")," ","%20"),"Kirim WA")) | AK6: =IF($F6="","",HYPERLINK("https://wa.me/62"&MID($F6,2,LEN($F6)-1)&"?text="&SUBSTITUTE(SUBSTITUTE("Halo, tagihan internet Anda sudah MELEWATI jatuh tempo. Mohon segera diselesaikan agar layanan tidak terputus 🙏"&CHAR(10)&CHAR(10)&"Yth. Bapak/Ibu "&$D6&CHAR(10)&CHAR(10)&"Invoice tagihan internet ARMEDIA Net:"&CHAR(10)&CHAR(10)&"ID Pelanggan: "&$B6&CHAR(10)&"No. Invoice: "&$B6&"-"&TEXT(TODAY(),"yymmdd")&CHAR(10)&"Layanan: Internet "&$M6&" Mbps"&CHAR(10)&"Harga Paket: Rp"&TEXT($N6,"#,##0")&CHAR(10)&"Periode: 1 Bulan"&CHAR(10)&"Jatuh Tempo: "&IF($AH6="","(tgl pasang belum diisi)",TEXT($AH6,"DD-")&CHOOSE(MONTH(TODAY()),"Jan","Feb","Mar","Apr","Mei","Jun","Jul","Agu","Sep","Okt","Nov","Des")&TEXT($AH6,"-YYYY"))&CHAR(10)&CHAR(10)&"Total Tagihan: Rp"&TEXT($N6,"#,##0")&CHAR(10)&CHAR(10)&"Pembayaran transfer ke:"&CHAR(10)&"Bank Mandiri"&CHAR(10)&"006-001-460711-7"&CHAR(10)&"a.n PT AKSES ARTHA MEDIA"&CHAR(10)&CHAR(10)&"Atau bayar tunai ke kantor ARMEDIA Net, Gumelar."&CHAR(10)&"Konfirmasi setelah transfer ya. Terima kasih."&CHAR(10)&CHAR(10)&"Salam, ARMEDIA Net - Gumelar",CHAR(10),"%0A")," ","%20"),"Kirim WA")) | AL6: =IFERROR(IF(OR($S6="",$N6=""),"",ROUND((30-DAY($S6))*$N6/30,0)),"") | AM6: =IF($F6="","",HYPERLINK("https://wa.me/62"&MID($F6,2,LEN($F6)-1)&"?text="&SUBSTITUTE(SUBSTITUTE("Selamat datang di ARMEDIA Net, Bapak/Ibu "&$D6&"!"&CHAR(10)&CHAR(10)&"Terima kasih sudah bergabung. Berikut invoice TAGIHAN PERTAMA Anda:"&CHAR(10)&CHAR(10)&"ID Pelanggan: "&$B6&CHAR(10)&"Layanan: Internet "&$M6&" Mbps"&CHAR(10)&"Harga Normal: Rp"&TEXT($N6,"#,##0")&"/bulan"&CHAR(10)&"Tanggal Pasang: "&IF($S6="","-",TEXT($S6,"DD ")&CHOOSE(MONTH(TODAY()),"Jan","Feb","Mar","Apr","Mei","Jun","Jul","Agu","Sep","Okt","Nov","Des")&TEXT($S6,"-YYYY"))&CHAR(10)&CHAR(10)&"TAGIHAN BULAN PERTAMA (pro-rata):"&CHAR(10)&"Rp"&IF($AL6="","-",TEXT($AL6,"#,##0"))&CHAR(10)&CHAR(10)&"Kenapa beda dari harga normal? Karena tagihan bulan pertama dihitung dari tanggal pasang (bukan awal bulan). Bulan berikutnya sudah normal Rp"&TEXT($N6,"#,##0")&"."&CHAR(10)&CHAR(10)&"Pembayaran transfer ke:"&CHAR(10)&"Bank Mandiri"&CHAR(10)&"006-001-460711-7"&CHAR(10)&"a.n PT AKSES ARTHA MEDIA"&CHAR(10)&CHAR(10)&"Atau tunai ke kantor ARMEDIA Net, Gumelar."&CHAR(10)&"Konfirmasi setelah transfer ya. Terima kasih!"&CHAR(10)&CHAR(10)&"Salam, ARMEDIA Net - Gumelar",CHAR(10),"%0A")," ","%20"),"Kirim Invoice")) | AP6: =IF($M6="","",IFERROR(LOOKUP(9999,--LEFT($M6,ROW(INDIRECT("1:"&LEN($M6)))))&"M_UP","")) -> 5M_UP | AQ6: 1521
A7: =IF($D7="","",COUNTA($D$5:$D7)) -> 3 | B7: =IF($D7="","","ARM-"&TEXT(COUNTA($D$5:$D7),"0000")) -> ARM-0003 | C7: G-15226031001 | D7: JUNO | E7: 3302150207710002 | F7: 081391345444 | G7: Gumelar | H7: CIHONJE | I7: 5 | J7: 2 | K7: Banyumas | L7: AR-3 | M7: =IFERROR(VLOOKUP(L7, '4_Produk'!C:E, 2, FALSE()), "") -> 30 | N7: =IFERROR(VLOOKUP(L7, '4_Produk'!C:E, 3, FALSE()), "") -> 142000 | O7: 10.152.7.246 | P7: PG-1522602001 | Q7: HWTC072EC10F | S7: 46091 | T7: 70 | U7: 1/1/3:1 | V7: FREE | W7: Aktif | Z7: =IF($F7="","",HYPERLINK("https://wa.me/62"&MID($F7,2,LEN($F7)-1)&"?text="&SUBSTITUTE(SUBSTITUTE("Selamat "&IF(HOUR(NOW())<11,"Pagi",IF(HOUR(NOW())<15,"Siang",IF(HOUR(NOW())<18,"Sore","Malam")))&" Bapak/Ibu "&$D7&","&CHAR(10)&CHAR(10)&"Mohon maaf mengganggu waktunya. Saya dari Tim Teknis Armedia Net wilayah Gumelar ingin melakukan konfirmasi data pelanggan."&CHAR(10)&CHAR(10)&"ID Pelanggan: "&$B7&CHAR(10)&"Boleh dibantu konfirmasi RT/RW rumahnya?"&CHAR(10)&"RT: "&CHAR(10)&"RW: "&CHAR(10)&CHAR(10)&"Terima kasih banyak sebelumnya atas kerjasamanya.",CHAR(10),"%0A")," ","%20"),"Chat WA")) -> Chat WA | AA7: =IF($F7="","",HYPERLINK("https://wa.me/62"&MID($F7,2,LEN($F7)-1),"Chat WA")) -> Chat WA | AB7: =IF($F7="","",HYPERLINK("https://wa.me/62"&MID($F7,2,LEN($F7)-1)&"?text="&SUBSTITUTE(SUBSTITUTE("📄 *INVOICE TAGIHAN INTERNET*"&CHAR(10)&"ARMEDIA NET - Gumelar"&CHAR(10)&CHAR(10)&"No. Invoice: "&$B7&"/"&CHOOSE(MONTH(NOW()),"JAN","FEB","MAR","APR","MEI","JUN","JUL","AGU","SEP","OKT","NOV","DES")&YEAR(NOW())&CHAR(10)&"Tanggal: "&TEXT(NOW(),"DD/MM/YYYY")&CHAR(10)&CHAR(10)&"Pelanggan: "&$D7&CHAR(10)&"ID Pelanggan: "&$B7&CHAR(10)&CHAR(10)&"Rincian:"&CHAR(10)&"Paket Internet "&$M7&" Mbps"&CHAR(10)&"Rp"&TEXT($N7,"#,##0")&CHAR(10)&CHAR(10)&"TOTAL TAGIHAN: Rp"&TEXT($N7,"#,##0")&CHAR(10)&CHAR(10)&"Periode: "&CHOOSE(MONTH(NOW()),"Januari","Februari","Maret","April","Mei","Juni","Juli","Agustus","September","Oktober","November","Desember")&" "&YEAR(NOW())&CHAR(10)&CHAR(10)&"Mohon lakukan pembayaran dan konfirmasi setelah transfer. Terima kasih atas kerjasamanya."&CHAR(10)&CHAR(10)&"ARMEDIA NET - Gumelar",CHAR(10),"%0A")," ","%20"),"Kirim Invoice")) -> Kirim Invoice | AC7: =IF($F7="","",HYPERLINK("https://wa.me/62"&MID($F7,2,LEN($F7)-1)&"?text="&SUBSTITUTE(SUBSTITUTE("Selamat "&IF(HOUR(NOW())<11,"Pagi",IF(HOUR(NOW())<15,"Siang",IF(HOUR(NOW())<18,"Sore","Malam")))&" Bapak/Ibu "&$D7&","&CHAR(10)&CHAR(10)&"Mohon maaf mengganggu waktunya. Kami sedang melengkapi dokumentasi data pelanggan ARMEDIA Net."&CHAR(10)&CHAR(10)&"ID Pelanggan: "&$B7&CHAR(10)&"Mohon bantuannya kirim foto rumah tampak depan, dan share lokasi Google Maps rumahnya."&CHAR(10)&CHAR(10)&"Terima kasih banyak atas kerjasamanya.",CHAR(10),"%0A")," ","%20"),"Chat WA")) -> Chat WA | AD7: =IFERROR(VLOOKUP($Q7,'12_ONT_NEW'!$D:$G,4,FALSE()),"") | AH7: =IFERROR(IF($S7="","",DATE(YEAR(TODAY()),MONTH(TODAY()),DAY($S7))),"") -> 46213 | AI7: =IF($F7="","",HYPERLINK("https://wa.me/62"&MID($F7,2,LEN($F7)-1)&"?text="&SUBSTITUTE(SUBSTITUTE("Halo, mengingatkan tagihan yang akan jatuh tempo dalam beberapa hari 🙏"&CHAR(10)&CHAR(10)&"Yth. Bapak/Ibu "&$D7&CHAR(10)&CHAR(10)&"Invoice tagihan internet ARMEDIA Net:"&CHAR(10)&CHAR(10)&"ID Pelanggan: "&$B7&CHAR(10)&"No. Invoice: "&$B7&"-"&TEXT(TODAY(),"yymmdd")&CHAR(10)&"Layanan: Internet "&$M7&" Mbps"&CHAR(10)&"Harga Paket: Rp"&TEXT($N7,"#,##0")&CHAR(10)&"Periode: 1 Bulan"&CHAR(10)&"Jatuh Tempo: "&IF($AH7="","(tgl pasang belum diisi)",TEXT($AH7,"DD-")&CHOOSE(MONTH(TODAY()),"Jan","Feb","Mar","Apr","Mei","Jun","Jul","Agu","Sep","Okt","Nov","Des")&TEXT($AH7,"-YYYY"))&CHAR(10)&CHAR(10)&"Total Tagihan: Rp"&TEXT($N7,"#,##0")&CHAR(10)&CHAR(10)&"Pembayaran transfer ke:"&CHAR(10)&"Bank Mandiri"&CHAR(10)&"006-001-460711-7"&CHAR(10)&"a.n PT AKSES ARTHA MEDIA"&CHAR(10)&CHAR(10)&"Atau bayar tunai ke kantor ARMEDIA Net, Gumelar."&CHAR(10)&"Konfirmasi setelah transfer ya. Terima kasih."&CHAR(10)&CHAR(10)&"Salam, ARMEDIA Net - Gumelar",CHAR(10),"%0A")," ","%20"),"Kirim WA")) -> Kirim WA | AJ7: =IF($F7="","",HYPERLINK("https://wa.me/62"&MID($F7,2,LEN($F7)-1)&"?text="&SUBSTITUTE(SUBSTITUTE("Halo, tagihan internet Anda jatuh tempo HARI INI ya 🗓"&CHAR(10)&CHAR(10)&"Yth. Bapak/Ibu "&$D7&CHAR(10)&CHAR(10)&"Invoice tagihan internet ARMEDIA Net:"&CHAR(10)&CHAR(10)&"ID Pelanggan: "&$B7&CHAR(10)&"No. Invoice: "&$B7&"-"&TEXT(TODAY(),"yymmdd")&CHAR(10)&"Layanan: Internet "&$M7&" Mbps"&CHAR(10)&"Harga Paket: Rp"&TEXT($N7,"#,##0")&CHAR(10)&"Periode: 1 Bulan"&CHAR(10)&"Jatuh Tempo: "&IF($AH7="","(tgl pasang belum diisi)",TEXT($AH7,"DD-")&CHOOSE(MONTH(TODAY()),"Jan","Feb","Mar","Apr","Mei","Jun","Jul","Agu","Sep","Okt","Nov","Des")&TEXT($AH7,"-YYYY"))&CHAR(10)&CHAR(10)&"Total Tagihan: Rp"&TEXT($N7,"#,##0")&CHAR(10)&CHAR(10)&"Pembayaran transfer ke:"&CHAR(10)&"Bank Mandiri"&CHAR(10)&"006-001-460711-7"&CHAR(10)&"a.n PT AKSES ARTHA MEDIA"&CHAR(10)&CHAR(10)&"Atau bayar tunai ke kantor ARMEDIA Net, Gumelar."&CHAR(10)&"Konfirmasi setelah transfer ya. Terima kasih."&CHAR(10)&CHAR(10)&"Salam, ARMEDIA Net - Gumelar",CHAR(10),"%0A")," ","%20"),"Kirim WA")) -> Kirim WA | AK7: =IF($F7="","",HYPERLINK("https://wa.me/62"&MID($F7,2,LEN($F7)-1)&"?text="&SUBSTITUTE(SUBSTITUTE("Halo, tagihan internet Anda sudah MELEWATI jatuh tempo. Mohon segera diselesaikan agar layanan tidak terputus 🙏"&CHAR(10)&CHAR(10)&"Yth. Bapak/Ibu "&$D7&CHAR(10)&CHAR(10)&"Invoice tagihan internet ARMEDIA Net:"&CHAR(10)&CHAR(10)&"ID Pelanggan: "&$B7&CHAR(10)&"No. Invoice: "&$B7&"-"&TEXT(TODAY(),"yymmdd")&CHAR(10)&"Layanan: Internet "&$M7&" Mbps"&CHAR(10)&"Harga Paket: Rp"&TEXT($N7,"#,##0")&CHAR(10)&"Periode: 1 Bulan"&CHAR(10)&"Jatuh Tempo: "&IF($AH7="","(tgl pasang belum diisi)",TEXT($AH7,"DD-")&CHOOSE(MONTH(TODAY()),"Jan","Feb","Mar","Apr","Mei","Jun","Jul","Agu","Sep","Okt","Nov","Des")&TEXT($AH7,"-YYYY"))&CHAR(10)&CHAR(10)&"Total Tagihan: Rp"&TEXT($N7,"#,##0")&CHAR(10)&CHAR(10)&"Pembayaran transfer ke:"&CHAR(10)&"Bank Mandiri"&CHAR(10)&"006-001-460711-7"&CHAR(10)&"a.n PT AKSES ARTHA MEDIA"&CHAR(10)&CHAR(10)&"Atau bayar tunai ke kantor ARMEDIA Net, Gumelar."&CHAR(10)&"Konfirmasi setelah transfer ya. Terima kasih."&CHAR(10)&CHAR(10)&"Salam, ARMEDIA Net - Gumelar",CHAR(10),"%0A")," ","%20"),"Kirim WA")) -> Kirim WA | AL7: =IFERROR(IF(OR($S7="",$N7=""),"",ROUND((30-DAY($S7))*$N7/30,0)),"") -> 94667 | AM7: =IF($F7="","",HYPERLINK("https://wa.me/62"&MID($F7,2,LEN($F7)-1)&"?text="&SUBSTITUTE(SUBSTITUTE("Selamat datang di ARMEDIA Net, Bapak/Ibu "&$D7&"!"&CHAR(10)&CHAR(10)&"Terima kasih sudah bergabung. Berikut invoice TAGIHAN PERTAMA Anda:"&CHAR(10)&CHAR(10)&"ID Pelanggan: "&$B7&CHAR(10)&"Layanan: Internet "&$M7&" Mbps"&CHAR(10)&"Harga Normal: Rp"&TEXT($N7,"#,##0")&"/bulan"&CHAR(10)&"Tanggal Pasang: "&IF($S7="","-",TEXT($S7,"DD ")&CHOOSE(MONTH(TODAY()),"Jan","Feb","Mar","Apr","Mei","Jun","Jul","Agu","Sep","Okt","Nov","Des")&TEXT($S7,"-YYYY"))&CHAR(10)&CHAR(10)&"TAGIHAN BULAN PERTAMA (pro-rata):"&CHAR(10)&"Rp"&IF($AL7="","-",TEXT($AL7,"#,##0"))&CHAR(10)&CHAR(10)&"Kenapa beda dari harga normal? Karena tagihan bulan pertama dihitung dari tanggal pasang (bukan awal bulan). Bulan berikutnya sudah normal Rp"&TEXT($N7,"#,##0")&"."&CHAR(10)&CHAR(10)&"Pembayaran transfer ke:"&CHAR(10)&"Bank Mandiri"&CHAR(10)&"006-001-460711-7"&CHAR(10)&"a.n PT AKSES ARTHA MEDIA"&CHAR(10)&CHAR(10)&"Atau tunai ke kantor ARMEDIA Net, Gumelar."&CHAR(10)&"Konfirmasi setelah transfer ya. Terima kasih!"&CHAR(10)&CHAR(10)&"Salam, ARMEDIA Net - Gumelar",CHAR(10),"%0A")," ","%20"),"Kirim Invoice")) -> Kirim Invoice | AP7: =IF($M7="","",IFERROR(LOOKUP(9999,--LEFT($M7,ROW(INDIRECT("1:"&LEN($M7)))))&"M_UP","")) -> 3M_UP | AQ7: 1521
A8: =IF($D8="","",COUNTA($D$5:$D8)) -> 4 | B8: =IF($D8="","","ARM-"&TEXT(COUNTA($D$5:$D8),"0000")) -> ARM-0004 | C8: G-15226031501 | D8: TAMIRAH | E8: 3302154902770003 | F8: 081210984891 | G8: Gumelar | H8: CIHONJE | I8: 4 | J8: 3 | K8: Banyumas | L8: AR-2 | M8: =IFERROR(VLOOKUP(L8, '4_Produk'!C:E, 2, FALSE()), "") -> 20 | N8: =IFERROR(VLOOKUP(L8, '4_Produk'!C:E, 3, FALSE()), "") -> 115000 | O8: 10.152.6.30 | P8: PG-1522602002 | Q8: HWTC072EB97F | S8: 46096 | T8: 100 | U8: 1/1/3:2 | W8: Aktif | Z8: =IF($F8="","",HYPERLINK("https://wa.me/62"&MID($F8,2,LEN($F8)-1)&"?text="&SUBSTITUTE(SUBSTITUTE("Selamat "&IF(HOUR(NOW())<11,"Pagi",IF(HOUR(NOW())<15,"Siang",IF(HOUR(NOW())<18,"Sore","Malam")))&" Bapak/Ibu "&$D8&","&CHAR(10)&CHAR(10)&"Mohon maaf mengganggu waktunya. Saya dari Tim Teknis Armedia Net wilayah Gumelar ingin melakukan konfirmasi data pelanggan."&CHAR(10)&CHAR(10)&"ID Pelanggan: "&$B8&CHAR(10)&"Boleh dibantu konfirmasi RT/RW rumahnya?"&CHAR(10)&"RT: "&CHAR(10)&"RW: "&CHAR(10)&CHAR(10)&"Terima kasih banyak sebelumnya atas kerjasamanya.",CHAR(10),"%0A")," ","%20"),"Chat WA")) -> Chat WA | AA8: =IF($F8="","",HYPERLINK("https://wa.me/62"&MID($F8,2,LEN($F8)-1),"Chat WA")) -> Chat WA | AB8: =IF($F8="","",HYPERLINK("https://wa.me/62"&MID($F8,2,LEN($F8)-1)&"?text="&SUBSTITUTE(SUBSTITUTE("📄 *INVOICE TAGIHAN INTERNET*"&CHAR(10)&"ARMEDIA NET - Gumelar"&CHAR(10)&CHAR(10)&"No. Invoice: "&$B8&"/"&CHOOSE(MONTH(NOW()),"JAN","FEB","MAR","APR","MEI","JUN","JUL","AGU","SEP","OKT","NOV","DES")&YEAR(NOW())&CHAR(10)&"Tanggal: "&TEXT(NOW(),"DD/MM/YYYY")&CHAR(10)&CHAR(10)&"Pelanggan: "&$D8&CHAR(10)&"ID Pelanggan: "&$B8&CHAR(10)&CHAR(10)&"Rincian:"&CHAR(10)&"Paket Internet "&$M8&" Mbps"&CHAR(10)&"Rp"&TEXT($N8,"#,##0")&CHAR(10)&CHAR(10)&"TOTAL TAGIHAN: Rp"&TEXT($N8,"#,##0")&CHAR(10)&CHAR(10)&"Periode: "&CHOOSE(MONTH(NOW()),"Januari","Februari","Maret","April","Mei","Juni","Juli","Agustus","September","Oktober","November","Desember")&" "&YEAR(NOW())&CHAR(10)&CHAR(10)&"Mohon lakukan pembayaran dan konfirmasi setelah transfer. Terima kasih atas kerjasamanya."&CHAR(10)&CHAR(10)&"ARMEDIA NET - Gumelar",CHAR(10),"%0A")," ","%20"),"Kirim Invoice")) -> Kirim Invoice | AC8: =IF($F8="","",HYPERLINK("https://wa.me/62"&MID($F8,2,LEN($F8)-1)&"?text="&SUBSTITUTE(SUBSTITUTE("Selamat "&IF(HOUR(NOW())<11,"Pagi",IF(HOUR(NOW())<15,"Siang",IF(HOUR(NOW())<18,"Sore","Malam")))&" Bapak/Ibu "&$D8&","&CHAR(10)&CHAR(10)&"Mohon maaf mengganggu waktunya. Kami sedang melengkapi dokumentasi data pelanggan ARMEDIA Net."&CHAR(10)&CHAR(10)&"ID Pelanggan: "&$B8&CHAR(10)&"Mohon bantuannya kirim foto rumah tampak depan, dan share lokasi Google Maps rumahnya."&CHAR(10)&CHAR(10)&"Terima kasih banyak atas kerjasamanya.",CHAR(10),"%0A")," ","%20"),"Chat WA")) -> Chat WA | AD8: =IFERROR(VLOOKUP($Q8,'12_ONT_NEW'!$D:$G,4,FALSE()),"") | AH8: =IFERROR(IF($S8="","",DATE(YEAR(TODAY()),MONTH(TODAY()),DAY($S8))),"") -> 46218 | AI8: =IF($F8="","",HYPERLINK("https://wa.me/62"&MID($F8,2,LEN($F8)-1)&"?text="&SUBSTITUTE(SUBSTITUTE("Halo, mengingatkan tagihan yang akan jatuh tempo dalam beberapa hari 🙏"&CHAR(10)&CHAR(10)&"Yth. Bapak/Ibu "&$D8&CHAR(10)&CHAR(10)&"Invoice tagihan internet ARMEDIA Net:"&CHAR(10)&CHAR(10)&"ID Pelanggan: "&$B8&CHAR(10)&"No. Invoice: "&$B8&"-"&TEXT(TODAY(),"yymmdd")&CHAR(10)&"Layanan: Internet "&$M8&" Mbps"&CHAR(10)&"Harga Paket: Rp"&TEXT($N8,"#,##0")&CHAR(10)&"Periode: 1 Bulan"&CHAR(10)&"Jatuh Tempo: "&IF($AH8="","(tgl pasang belum diisi)",TEXT($AH8,"DD-")&CHOOSE(MONTH(TODAY()),"Jan","Feb","Mar","Apr","Mei","Jun","Jul","Agu","Sep","Okt","Nov","Des")&TEXT($AH8,"-YYYY"))&CHAR(10)&CHAR(10)&"Total Tagihan: Rp"&TEXT($N8,"#,##0")&CHAR(10)&CHAR(10)&"Pembayaran transfer ke:"&CHAR(10)&"Bank Mandiri"&CHAR(10)&"006-001-460711-7"&CHAR(10)&"a.n PT AKSES ARTHA MEDIA"&CHAR(10)&CHAR(10)&"Atau bayar tunai ke kantor ARMEDIA Net, Gumelar."&CHAR(10)&"Konfirmasi setelah transfer ya. Terima kasih."&CHAR(10)&CHAR(10)&"Salam, ARMEDIA Net - Gumelar",CHAR(10),"%0A")," ","%20"),"Kirim WA")) -> Kirim WA | AJ8: =IF($F8="","",HYPERLINK("https://wa.me/62"&MID($F8,2,LEN($F8)-1)&"?text="&SUBSTITUTE(SUBSTITUTE("Halo, tagihan internet Anda jatuh tempo HARI INI ya 🗓"&CHAR(10)&CHAR(10)&"Yth. Bapak/Ibu "&$D8&CHAR(10)&CHAR(10)&"Invoice tagihan internet ARMEDIA Net:"&CHAR(10)&CHAR(10)&"ID Pelanggan: "&$B8&CHAR(10)&"No. Invoice: "&$B8&"-"&TEXT(TODAY(),"yymmdd")&CHAR(10)&"Layanan: Internet "&$M8&" Mbps"&CHAR(10)&"Harga Paket: Rp"&TEXT($N8,"#,##0")&CHAR(10)&"Periode: 1 Bulan"&CHAR(10)&"Jatuh Tempo: "&IF($AH8="","(tgl pasang belum diisi)",TEXT($AH8,"DD-")&CHOOSE(MONTH(TODAY()),"Jan","Feb","Mar","Apr","Mei","Jun","Jul","Agu","Sep","Okt","Nov","Des")&TEXT($AH8,"-YYYY"))&CHAR(10)&CHAR(10)&"Total Tagihan: Rp"&TEXT($N8,"#,##0")&CHAR(10)&CHAR(10)&"Pembayaran transfer ke:"&CHAR(10)&"Bank Mandiri"&CHAR(10)&"006-001-460711-7"&CHAR(10)&"a.n PT AKSES ARTHA MEDIA"&CHAR(10)&CHAR(10)&"Atau bayar tunai ke kantor ARMEDIA Net, Gumelar."&CHAR(10)&"Konfirmasi setelah transfer ya. Terima kasih."&CHAR(10)&CHAR(10)&"Salam, ARMEDIA Net - Gumelar",CHAR(10),"%0A")," ","%20"),"Kirim WA")) -> Kirim WA | AK8: =IF($F8="","",HYPERLINK("https://wa.me/62"&MID($F8,2,LEN($F8)-1)&"?text="&SUBSTITUTE(SUBSTITUTE("Halo, tagihan internet Anda sudah MELEWATI jatuh tempo. Mohon segera diselesaikan agar layanan tidak terputus 🙏"&CHAR(10)&CHAR(10)&"Yth. Bapak/Ibu "&$D8&CHAR(10)&CHAR(10)&"Invoice tagihan internet ARMEDIA Net:"&CHAR(10)&CHAR(10)&"ID Pelanggan: "&$B8&CHAR(10)&"No. Invoice: "&$B8&"-"&TEXT(TODAY(),"yymmdd")&CHAR(10)&"Layanan: Internet "&$M8&" Mbps"&CHAR(10)&"Harga Paket: Rp"&TEXT($N8,"#,##0")&CHAR(10)&"Periode: 1 Bulan"&CHAR(10)&"Jatuh Tempo: "&IF($AH8="","(tgl pasang belum diisi)",TEXT($AH8,"DD-")&CHOOSE(MONTH(TODAY()),"Jan","Feb","Mar","Apr","Mei","Jun","Jul","Agu","Sep","Okt","Nov","Des")&TEXT($AH8,"-YYYY"))&CHAR(10)&CHAR(10)&"Total Tagihan: Rp"&TEXT($N8,"#,##0")&CHAR(10)&CHAR(10)&"Pembayaran transfer ke:"&CHAR(10)&"Bank Mandiri"&CHAR(10)&"006-001-460711-7"&CHAR(10)&"a.n PT AKSES ARTHA MEDIA"&CHAR(10)&CHAR(10)&"Atau bayar tunai ke kantor ARMEDIA Net, Gumelar."&CHAR(10)&"Konfirmasi setelah transfer ya. Terima kasih."&CHAR(10)&CHAR(10)&"Salam, ARMEDIA Net - Gumelar",CHAR(10),"%0A")," ","%20"),"Kirim WA")) -> Kirim WA | AL8: =IFERROR(IF(OR($S8="",$N8=""),"",ROUND((30-DAY($S8))*$N8/30,0)),"") -> 57500 | AM8: =IF($F8="","",HYPERLINK("https://wa.me/62"&MID($F8,2,LEN($F8)-1)&"?text="&SUBSTITUTE(SUBSTITUTE("Selamat datang di ARMEDIA Net, Bapak/Ibu "&$D8&"!"&CHAR(10)&CHAR(10)&"Terima kasih sudah bergabung. Berikut invoice TAGIHAN PERTAMA Anda:"&CHAR(10)&CHAR(10)&"ID Pelanggan: "&$B8&CHAR(10)&"Layanan: Internet "&$M8&" Mbps"&CHAR(10)&"Harga Normal: Rp"&TEXT($N8,"#,##0")&"/bulan"&CHAR(10)&"Tanggal Pasang: "&IF($S8="","-",TEXT($S8,"DD ")&CHOOSE(MONTH(TODAY()),"Jan","Feb","Mar","Apr","Mei","Jun","Jul","Agu","Sep","Okt","Nov","Des")&TEXT($S8,"-YYYY"))&CHAR(10)&CHAR(10)&"TAGIHAN BULAN PERTAMA (pro-rata):"&CHAR(10)&"Rp"&IF($AL8="","-",TEXT($AL8,"#,##0"))&CHAR(10)&CHAR(10)&"Kenapa beda dari harga normal? Karena tagihan bulan pertama dihitung dari tanggal pasang (bukan awal bulan). Bulan berikutnya sudah normal Rp"&TEXT($N8,"#,##0")&"."&CHAR(10)&CHAR(10)&"Pembayaran transfer ke:"&CHAR(10)&"Bank Mandiri"&CHAR(10)&"006-001-460711-7"&CHAR(10)&"a.n PT AKSES ARTHA MEDIA"&CHAR(10)&CHAR(10)&"Atau tunai ke kantor ARMEDIA Net, Gumelar."&CHAR(10)&"Konfirmasi setelah transfer ya. Terima kasih!"&CHAR(10)&CHAR(10)&"Salam, ARMEDIA Net - Gumelar",CHAR(10),"%0A")," ","%20"),"Kirim Invoice")) -> Kirim Invoice | AP8: =IF($M8="","",IFERROR(LOOKUP(9999,--LEFT($M8,ROW(INDIRECT("1:"&LEN($M8)))))&"M_UP","")) -> 2M_UP | AQ8: 1521
A9: =IF($D9="","",COUNTA($D$5:$D9)) -> 5 | B9: =IF($D9="","","ARM-"&TEXT(COUNTA($D$5:$D9),"0000")) -> ARM-0005 | C9: G-15226031502 | D9: SARWO | F9: 085718161841 | G9: Gumelar | H9: CIHONJE | K9: Banyumas | L9: AR-3 | M9: =IFERROR(VLOOKUP(L9, '4_Produk'!C:E, 2, FALSE()), "") -> 30 | N9: =IFERROR(VLOOKUP(L9, '4_Produk'!C:E, 3, FALSE()), "") -> 142000 | O9: 10.152.5.6 | P9: PG-1522602003 | Q9: ZXIC074F370F | S9: 46096 | T9: 50 | U9: 1/1/7:1 | V9: FREE | W9: Aktif | Z9: =IF($F9="","",HYPERLINK("https://wa.me/62"&MID($F9,2,LEN($F9)-1)&"?text="&SUBSTITUTE(SUBSTITUTE("Selamat "&IF(HOUR(NOW())<11,"Pagi",IF(HOUR(NOW())<15,"Siang",IF(HOUR(NOW())<18,"Sore","Malam")))&" Bapak/Ibu "&$D9&","&CHAR(10)&CHAR(10)&"Mohon maaf mengganggu waktunya. Saya dari Tim Teknis Armedia Net wilayah Gumelar ingin melakukan konfirmasi data pelanggan."&CHAR(10)&CHAR(10)&"ID Pelanggan: "&$B9&CHAR(10)&"Boleh dibantu konfirmasi RT/RW rumahnya?"&CHAR(10)&"RT: "&CHAR(10)&"RW: "&CHAR(10)&CHAR(10)&"Terima kasih banyak sebelumnya atas kerjasamanya.",CHAR(10),"%0A")," ","%20"),"Chat WA")) -> Chat WA | AA9: =IF($F9="","",HYPERLINK("https://wa.me/62"&MID($F9,2,LEN($F9)-1),"Chat WA")) -> Chat WA | AB9: =IF($F9="","",HYPERLINK("https://wa.me/62"&MID($F9,2,LEN($F9)-1)&"?text="&SUBSTITUTE(SUBSTITUTE("📄 *INVOICE TAGIHAN INTERNET*"&CHAR(10)&"ARMEDIA NET - Gumelar"&CHAR(10)&CHAR(10)&"No. Invoice: "&$B9&"/"&CHOOSE(MONTH(NOW()),"JAN","FEB","MAR","APR","MEI","JUN","JUL","AGU","SEP","OKT","NOV","DES")&YEAR(NOW())&CHAR(10)&"Tanggal: "&TEXT(NOW(),"DD/MM/YYYY")&CHAR(10)&CHAR(10)&"Pelanggan: "&$D9&CHAR(10)&"ID Pelanggan: "&$B9&CHAR(10)&CHAR(10)&"Rincian:"&CHAR(10)&"Paket Internet "&$M9&" Mbps"&CHAR(10)&"Rp"&TEXT($N9,"#,##0")&CHAR(10)&CHAR(10)&"TOTAL TAGIHAN: Rp"&TEXT($N9,"#,##0")&CHAR(10)&CHAR(10)&"Periode: "&CHOOSE(MONTH(NOW()),"Januari","Februari","Maret","April","Mei","Juni","Juli","Agustus","September","Oktober","November","Desember")&" "&YEAR(NOW())&CHAR(10)&CHAR(10)&"Mohon lakukan pembayaran dan konfirmasi setelah transfer. Terima kasih atas kerjasamanya."&CHAR(10)&CHAR(10)&"ARMEDIA NET - Gumelar",CHAR(10),"%0A")," ","%20"),"Kirim Invoice")) -> Kirim Invoice | AC9: =IF($F9="","",HYPERLINK("https://wa.me/62"&MID($F9,2,LEN($F9)-1)&"?text="&SUBSTITUTE(SUBSTITUTE("Selamat "&IF(HOUR(NOW())<11,"Pagi",IF(HOUR(NOW())<15,"Siang",IF(HOUR(NOW())<18,"Sore","Malam")))&" Bapak/Ibu "&$D9&","&CHAR(10)&CHAR(10)&"Mohon maaf mengganggu waktunya. Kami sedang melengkapi dokumentasi data pelanggan ARMEDIA Net."&CHAR(10)&CHAR(10)&"ID Pelanggan: "&$B9&CHAR(10)&"Mohon bantuannya kirim foto rumah tampak depan, dan share lokasi Google Maps rumahnya."&CHAR(10)&CHAR(10)&"Terima kasih banyak atas kerjasamanya.",CHAR(10),"%0A")," ","%20"),"Chat WA")) -> Chat WA | AD9: =IFERROR(VLOOKUP($Q9,'12_ONT_NEW'!$D:$G,4,FALSE()),"") -> 5i951g_2.4G | AH9: =IFERROR(IF($S9="","",DATE(YEAR(TODAY()),MONTH(TODAY()),DAY($S9))),"") -> 46218 | AI9: =IF($F9="","",HYPERLINK("https://wa.me/62"&MID($F9,2,LEN($F9)-1)&"?text="&SUBSTITUTE(SUBSTITUTE("Halo, mengingatkan tagihan yang akan jatuh tempo dalam beberapa hari 🙏"&CHAR(10)&CHAR(10)&"Yth. Bapak/Ibu "&$D9&CHAR(10)&CHAR(10)&"Invoice tagihan internet ARMEDIA Net:"&CHAR(10)&CHAR(10)&"ID Pelanggan: "&$B9&CHAR(10)&"No. Invoice: "&$B9&"-"&TEXT(TODAY(),"yymmdd")&CHAR(10)&"Layanan: Internet "&$M9&" Mbps"&CHAR(10)&"Harga Paket: Rp"&TEXT($N9,"#,##0")&CHAR(10)&"Periode: 1 Bulan"&CHAR(10)&"Jatuh Tempo: "&IF($AH9="","(tgl pasang belum diisi)",TEXT($AH9,"DD-")&CHOOSE(MONTH(TODAY()),"Jan","Feb","Mar","Apr","Mei","Jun","Jul","Agu","Sep","Okt","Nov","Des")&TEXT($AH9,"-YYYY"))&CHAR(10)&CHAR(10)&"Total Tagihan: Rp"&TEXT($N9,"#,##0")&CHAR(10)&CHAR(10)&"Pembayaran transfer ke:"&CHAR(10)&"Bank Mandiri"&CHAR(10)&"006-001-460711-7"&CHAR(10)&"a.n PT AKSES ARTHA MEDIA"&CHAR(10)&CHAR(10)&"Atau bayar tunai ke kantor ARMEDIA Net, Gumelar."&CHAR(10)&"Konfirmasi setelah transfer ya. Terima kasih."&CHAR(10)&CHAR(10)&"Salam, ARMEDIA Net - Gumelar",CHAR(10),"%0A")," ","%20"),"Kirim WA")) -> Kirim WA | AJ9: =IF($F9="","",HYPERLINK("https://wa.me/62"&MID($F9,2,LEN($F9)-1)&"?text="&SUBSTITUTE(SUBSTITUTE("Halo, tagihan internet Anda jatuh tempo HARI INI ya 🗓"&CHAR(10)&CHAR(10)&"Yth. Bapak/Ibu "&$D9&CHAR(10)&CHAR(10)&"Invoice tagihan internet ARMEDIA Net:"&CHAR(10)&CHAR(10)&"ID Pelanggan: "&$B9&CHAR(10)&"No. Invoice: "&$B9&"-"&TEXT(TODAY(),"yymmdd")&CHAR(10)&"Layanan: Internet "&$M9&" Mbps"&CHAR(10)&"Harga Paket: Rp"&TEXT($N9,"#,##0")&CHAR(10)&"Periode: 1 Bulan"&CHAR(10)&"Jatuh Tempo: "&IF($AH9="","(tgl pasang belum diisi)",TEXT($AH9,"DD-")&CHOOSE(MONTH(TODAY()),"Jan","Feb","Mar","Apr","Mei","Jun","Jul","Agu","Sep","Okt","Nov","Des")&TEXT($AH9,"-YYYY"))&CHAR(10)&CHAR(10)&"Total Tagihan: Rp"&TEXT($N9,"#,##0")&CHAR(10)&CHAR(10)&"Pembayaran transfer ke:"&CHAR(10)&"Bank Mandiri"&CHAR(10)&"006-001-460711-7"&CHAR(10)&"a.n PT AKSES ARTHA MEDIA"&CHAR(10)&CHAR(10)&"Atau bayar tunai ke kantor ARMEDIA Net, Gumelar."&CHAR(10)&"Konfirmasi setelah transfer ya. Terima kasih."&CHAR(10)&CHAR(10)&"Salam, ARMEDIA Net - Gumelar",CHAR(10),"%0A")," ","%20"),"Kirim WA")) -> Kirim WA | AK9: =IF($F9="","",HYPERLINK("https://wa.me/62"&MID($F9,2,LEN($F9)-1)&"?text="&SUBSTITUTE(SUBSTITUTE("Halo, tagihan internet Anda sudah MELEWATI jatuh tempo. Mohon segera diselesaikan agar layanan tidak terputus 🙏"&CHAR(10)&CHAR(10)&"Yth. Bapak/Ibu "&$D9&CHAR(10)&CHAR(10)&"Invoice tagihan internet ARMEDIA Net:"&CHAR(10)&CHAR(10)&"ID Pelanggan: "&$B9&CHAR(10)&"No. Invoice: "&$B9&"-"&TEXT(TODAY(),"yymmdd")&CHAR(10)&"Layanan: Internet "&$M9&" Mbps"&CHAR(10)&"Harga Paket: Rp"&TEXT($N9,"#,##0")&CHAR(10)&"Periode: 1 Bulan"&CHAR(10)&"Jatuh Tempo: "&IF($AH9="","(tgl pasang belum diisi)",TEXT($AH9,"DD-")&CHOOSE(MONTH(TODAY()),"Jan","Feb","Mar","Apr","Mei","Jun","Jul","Agu","Sep","Okt","Nov","Des")&TEXT($AH9,"-YYYY"))&CHAR(10)&CHAR(10)&"Total Tagihan: Rp"&TEXT($N9,"#,##0")&CHAR(10)&CHAR(10)&"Pembayaran transfer ke:"&CHAR(10)&"Bank Mandiri"&CHAR(10)&"006-001-460711-7"&CHAR(10)&"a.n PT AKSES ARTHA MEDIA"&CHAR(10)&CHAR(10)&"Atau bayar tunai ke kantor ARMEDIA Net, Gumelar."&CHAR(10)&"Konfirmasi setelah transfer ya. Terima kasih."&CHAR(10)&CHAR(10)&"Salam, ARMEDIA Net - Gumelar",CHAR(10),"%0A")," ","%20"),"Kirim WA")) -> Kirim WA | AL9: =IFERROR(IF(OR($S9="",$N9=""),"",ROUND((30-DAY($S9))*$N9/30,0)),"") -> 71000 | AM9: =IF($F9="","",HYPERLINK("https://wa.me/62"&MID($F9,2,LEN($F9)-1)&"?text="&SUBSTITUTE(SUBSTITUTE("Selamat datang di ARMEDIA Net, Bapak/Ibu "&$D9&"!"&CHAR(10)&CHAR(10)&"Terima kasih sudah bergabung. Berikut invoice TAGIHAN PERTAMA Anda:"&CHAR(10)&CHAR(10)&"ID Pelanggan: "&$B9&CHAR(10)&"Layanan: Internet "&$M9&" Mbps"&CHAR(10)&"Harga Normal: Rp"&TEXT($N9,"#,##0")&"/bulan"&CHAR(10)&"Tanggal Pasang: "&IF($S9="","-",TEXT($S9,"DD ")&CHOOSE(MONTH(TODAY()),"Jan","Feb","Mar","Apr","Mei","Jun","Jul","Agu","Sep","Okt","Nov","Des")&TEXT($S9,"-YYYY"))&CHAR(10)&CHAR(10)&"TAGIHAN BULAN PERTAMA (pro-rata):"&CHAR(10)&"Rp"&IF($AL9="","-",TEXT($AL9,"#,##0"))&CHAR(10)&CHAR(10)&"Kenapa beda dari harga normal? Karena tagihan bulan pertama dihitung dari tanggal pasang (bukan awal bulan). Bulan berikutnya sudah normal Rp"&TEXT($N9,"#,##0")&"."&CHAR(10)&CHAR(10)&"Pembayaran transfer ke:"&CHAR(10)&"Bank Mandiri"&CHAR(10)&"006-001-460711-7"&CHAR(10)&"a.n PT AKSES ARTHA MEDIA"&CHAR(10)&CHAR(10)&"Atau tunai ke kantor ARMEDIA Net, Gumelar."&CHAR(10)&"Konfirmasi setelah transfer ya. Terima kasih!"&CHAR(10)&CHAR(10)&"Salam, ARMEDIA Net - Gumelar",CHAR(10),"%0A")," ","%20"),"Kirim Invoice")) -> Kirim Invoice | AP9: =IF($M9="","",IFERROR(LOOKUP(9999,--LEFT($M9,ROW(INDIRECT("1:"&LEN($M9)))))&"M_UP","")) -> 3M_UP | AQ9: 1521
A10: =IF($D10="","",COUNTA($D$5:$D10)) -> 6 | B10: =IF($D10="","","ARM-"&TEXT(COUNTA($D$5:$D10),"0000")) -> ARM-0006 | C10: G-15226031503 | D10: TRIYONO | F10: 089655661661 | G10: Gumelar | H10: CIHONJE | I10: 3 | J10: 2 | K10: Banyumas | L10: AR-2 | M10: =IFERROR(VLOOKUP(L10, '4_Produk'!C:E, 2, FALSE()), "") -> 20 | N10: =IFERROR(VLOOKUP(L10, '4_Produk'!C:E, 3, FALSE()), "") -> 115000 | O10: 10.152.6.6 | P10: PG-1522602004 | Q10: HWTC072EB0EF | S10: 46096 | T10: 50 | U10: 1/1/7:3 | W10: Aktif | Z10: =IF($F10="","",HYPERLINK("https://wa.me/62"&MID($F10,2,LEN($F10)-1)&"?text="&SUBSTITUTE(SUBSTITUTE("Selamat "&IF(HOUR(NOW())<11,"Pagi",IF(HOUR(NOW())<15,"Siang",IF(HOUR(NOW())<18,"Sore","Malam")))&" Bapak/Ibu "&$D10&","&CHAR(10)&CHAR(10)&"Mohon maaf mengganggu waktunya. Saya dari Tim Teknis Armedia Net wilayah Gumelar ingin melakukan konfirmasi data pelanggan."&CHAR(10)&CHAR(10)&"ID Pelanggan: "&$B10&CHAR(10)&"Boleh dibantu konfirmasi RT/RW rumahnya?"&CHAR(10)&"RT: "&CHAR(10)&"RW: "&CHAR(10)&CHAR(10)&"Terima kasih banyak sebelumnya atas kerjasamanya.",CHAR(10),"%0A")," ","%20"),"Chat WA")) -> Chat WA | AA10: =IF($F10="","",HYPERLINK("https://wa.me/62"&MID($F10,2,LEN($F10)-1),"Chat WA")) -> Chat WA | AB10: =IF($F10="","",HYPERLINK("https://wa.me/62"&MID($F10,2,LEN($F10)-1)&"?text="&SUBSTITUTE(SUBSTITUTE("📄 *INVOICE TAGIHAN INTERNET*"&CHAR(10)&"ARMEDIA NET - Gumelar"&CHAR(10)&CHAR(10)&"No. Invoice: "&$B10&"/"&CHOOSE(MONTH(NOW()),"JAN","FEB","MAR","APR","MEI","JUN","JUL","AGU","SEP","OKT","NOV","DES")&YEAR(NOW())&CHAR(10)&"Tanggal: "&TEXT(NOW(),"DD/MM/YYYY")&CHAR(10)&CHAR(10)&"Pelanggan: "&$D10&CHAR(10)&"ID Pelanggan: "&$B10&CHAR(10)&CHAR(10)&"Rincian:"&CHAR(10)&"Paket Internet "&$M10&" Mbps"&CHAR(10)&"Rp"&TEXT($N10,"#,##0")&CHAR(10)&CHAR(10)&"TOTAL TAGIHAN: Rp"&TEXT($N10,"#,##0")&CHAR(10)&CHAR(10)&"Periode: "&CHOOSE(MONTH(NOW()),"Januari","Februari","Maret","April","Mei","Juni","Juli","Agustus","September","Oktober","November","Desember")&" "&YEAR(NOW())&CHAR(10)&CHAR(10)&"Mohon lakukan pembayaran dan konfirmasi setelah transfer. Terima kasih atas kerjasamanya."&CHAR(10)&CHAR(10)&"ARMEDIA NET - Gumelar",CHAR(10),"%0A")," ","%20"),"Kirim Invoice")) -> Kirim Invoice | AC10: =IF($F10="","",HYPERLINK("https://wa.me/62"&MID($F10,2,LEN($F10)-1)&"?text="&SUBSTITUTE(SUBSTITUTE("Selamat "&IF(HOUR(NOW())<11,"Pagi",IF(HOUR(NOW())<15,"Siang",IF(HOUR(NOW())<18,"Sore","Malam")))&" Bapak/Ibu "&$D10&","&CHAR(10)&CHAR(10)&"Mohon maaf mengganggu waktunya. Kami sedang melengkapi dokumentasi data pelanggan ARMEDIA Net."&CHAR(10)&CHAR(10)&"ID Pelanggan: "&$B10&CHAR(10)&"Mohon bantuannya kirim foto rumah tampak depan, dan share lokasi Google Maps rumahnya."&CHAR(10)&CHAR(10)&"Terima kasih banyak atas kerjasamanya.",CHAR(10),"%0A")," ","%20"),"Chat WA")) -> Chat WA | AD10: =IFERROR(VLOOKUP($Q10,'12_ONT_NEW'!$D:$G,4,FALSE()),"") | AH10: =IFERROR(IF($S10="","",DATE(YEAR(TODAY()),MONTH(TODAY()),DAY($S10))),"") -> 46218 | AI10: =IF($F10="","",HYPERLINK("https://wa.me/62"&MID($F10,2,LEN($F10)-1)&"?text="&SUBSTITUTE(SUBSTITUTE("Halo, mengingatkan tagihan yang akan jatuh tempo dalam beberapa hari 🙏"&CHAR(10)&CHAR(10)&"Yth. Bapak/Ibu "&$D10&CHAR(10)&CHAR(10)&"Invoice tagihan internet ARMEDIA Net:"&CHAR(10)&CHAR(10)&"ID Pelanggan: "&$B10&CHAR(10)&"No. Invoice: "&$B10&"-"&TEXT(TODAY(),"yymmdd")&CHAR(10)&"Layanan: Internet "&$M10&" Mbps"&CHAR(10)&"Harga Paket: Rp"&TEXT($N10,"#,##0")&CHAR(10)&"Periode: 1 Bulan"&CHAR(10)&"Jatuh Tempo: "&IF($AH10="","(tgl pasang belum diisi)",TEXT($AH10,"DD-")&CHOOSE(MONTH(TODAY()),"Jan","Feb","Mar","Apr","Mei","Jun","Jul","Agu","Sep","Okt","Nov","Des")&TEXT($AH10,"-YYYY"))&CHAR(10)&CHAR(10)&"Total Tagihan: Rp"&TEXT($N10,"#,##0")&CHAR(10)&CHAR(10)&"Pembayaran transfer ke:"&CHAR(10)&"Bank Mandiri"&CHAR(10)&"006-001-460711-7"&CHAR(10)&"a.n PT AKSES ARTHA MEDIA"&CHAR(10)&CHAR(10)&"Atau bayar tunai ke kantor ARMEDIA Net, Gumelar."&CHAR(10)&"Konfirmasi setelah transfer ya. Terima kasih."&CHAR(10)&CHAR(10)&"Salam, ARMEDIA Net - Gumelar",CHAR(10),"%0A")," ","%20"),"Kirim WA")) -> Kirim WA | AJ10: =IF($F10="","",HYPERLINK("https://wa.me/62"&MID($F10,2,LEN($F10)-1)&"?text="&SUBSTITUTE(SUBSTITUTE("Halo, tagihan internet Anda jatuh tempo HARI INI ya 🗓"&CHAR(10)&CHAR(10)&"Yth. Bapak/Ibu "&$D10&CHAR(10)&CHAR(10)&"Invoice tagihan internet ARMEDIA Net:"&CHAR(10)&CHAR(10)&"ID Pelanggan: "&$B10&CHAR(10)&"No. Invoice: "&$B10&"-"&TEXT(TODAY(),"yymmdd")&CHAR(10)&"Layanan: Internet "&$M10&" Mbps"&CHAR(10)&"Harga Paket: Rp"&TEXT($N10,"#,##0")&CHAR(10)&"Periode: 1 Bulan"&CHAR(10)&"Jatuh Tempo: "&IF($AH10="","(tgl pasang belum diisi)",TEXT($AH10,"DD-")&CHOOSE(MONTH(TODAY()),"Jan","Feb","Mar","Apr","Mei","Jun","Jul","Agu","Sep","Okt","Nov","Des")&TEXT($AH10,"-YYYY"))&CHAR(10)&CHAR(10)&"Total Tagihan: Rp"&TEXT($N10,"#,##0")&CHAR(10)&CHAR(10)&"Pembayaran transfer ke:"&CHAR(10)&"Bank Mandiri"&CHAR(10)&"006-001-460711-7"&CHAR(10)&"a.n PT AKSES ARTHA MEDIA"&CHAR(10)&CHAR(10)&"Atau bayar tunai ke kantor ARMEDIA Net, Gumelar."&CHAR(10)&"Konfirmasi setelah transfer ya. Terima kasih."&CHAR(10)&CHAR(10)&"Salam, ARMEDIA Net - Gumelar",CHAR(10),"%0A")," ","%20"),"Kirim WA")) -> Kirim WA | AK10: =IF($F10="","",HYPERLINK("https://wa.me/62"&MID($F10,2,LEN($F10)-1)&"?text="&SUBSTITUTE(SUBSTITUTE("Halo, tagihan internet Anda sudah MELEWATI jatuh tempo. Mohon segera diselesaikan agar layanan tidak terputus 🙏"&CHAR(10)&CHAR(10)&"Yth. Bapak/Ibu "&$D10&CHAR(10)&CHAR(10)&"Invoice tagihan internet ARMEDIA Net:"&CHAR(10)&CHAR(10)&"ID Pelanggan: "&$B10&CHAR(10)&"No. Invoice: "&$B10&"-"&TEXT(TODAY(),"yymmdd")&CHAR(10)&"Layanan: Internet "&$M10&" Mbps"&CHAR(10)&"Harga Paket: Rp"&TEXT($N10,"#,##0")&CHAR(10)&"Periode: 1 Bulan"&CHAR(10)&"Jatuh Tempo: "&IF($AH10="","(tgl pasang belum diisi)",TEXT($AH10,"DD-")&CHOOSE(MONTH(TODAY()),"Jan","Feb","Mar","Apr","Mei","Jun","Jul","Agu","Sep","Okt","Nov","Des")&TEXT($AH10,"-YYYY"))&CHAR(10)&CHAR(10)&"Total Tagihan: Rp"&TEXT($N10,"#,##0")&CHAR(10)&CHAR(10)&"Pembayaran transfer ke:"&CHAR(10)&"Bank Mandiri"&CHAR(10)&"006-001-460711-7"&CHAR(10)&"a.n PT AKSES ARTHA MEDIA"&CHAR(10)&CHAR(10)&"Atau bayar tunai ke kantor ARMEDIA Net, Gumelar."&CHAR(10)&"Konfirmasi setelah transfer ya. Terima kasih."&CHAR(10)&CHAR(10)&"Salam, ARMEDIA Net - Gumelar",CHAR(10),"%0A")," ","%20"),"Kirim WA")) -> Kirim WA | AL10: =IFERROR(IF(OR($S10="",$N10=""),"",ROUND((30-DAY($S10))*$N10/30,0)),"") -> 57500 | AM10: =IF($F10="","",HYPERLINK("https://wa.me/62"&MID($F10,2,LEN($F10)-1)&"?text="&SUBSTITUTE(SUBSTITUTE("Selamat datang di ARMEDIA Net, Bapak/Ibu "&$D10&"!"&CHAR(10)&CHAR(10)&"Terima kasih sudah bergabung. Berikut invoice TAGIHAN PERTAMA Anda:"&CHAR(10)&CHAR(10)&"ID Pelanggan: "&$B10&CHAR(10)&"Layanan: Internet "&$M10&" Mbps"&CHAR(10)&"Harga Normal: Rp"&TEXT($N10,"#,##0")&"/bulan"&CHAR(10)&"Tanggal Pasang: "&IF($S10="","-",TEXT($S10,"DD ")&CHOOSE(MONTH(TODAY()),"Jan","Feb","Mar","Apr","Mei","Jun","Jul","Agu","Sep","Okt","Nov","Des")&TEXT($S10,"-YYYY"))&CHAR(10)&CHAR(10)&"TAGIHAN BULAN PERTAMA (pro-rata):"&CHAR(10)&"Rp"&IF($AL10="","-",TEXT($AL10,"#,##0"))&CHAR(10)&CHAR(10)&"Kenapa beda dari harga normal? Karena tagihan bulan pertama dihitung dari tanggal pasang (bukan awal bulan). Bulan berikutnya sudah normal Rp"&TEXT($N10,"#,##0")&"."&CHAR(10)&CHAR(10)&"Pembayaran transfer ke:"&CHAR(10)&"Bank Mandiri"&CHAR(10)&"006-001-460711-7"&CHAR(10)&"a.n PT AKSES ARTHA MEDIA"&CHAR(10)&CHAR(10)&"Atau tunai ke kantor ARMEDIA Net, Gumelar."&CHAR(10)&"Konfirmasi setelah transfer ya. Terima kasih!"&CHAR(10)&CHAR(10)&"Salam, ARMEDIA Net - Gumelar",CHAR(10),"%0A")," ","%20"),"Kirim Invoice")) -> Kirim Invoice | AP10: =IF($M10="","",IFERROR(LOOKUP(9999,--LEFT($M10,ROW(INDIRECT("1:"&LEN($M10)))))&"M_UP","")) -> 2M_UP | AQ10: 1521
A11: =IF($D11="","",COUNTA($D$5:$D11)) -> 7 | B11: =IF($D11="","","ARM-"&TEXT(COUNTA($D$5:$D11),"0000")) -> ARM-0007 | C11: G-15226031504 | D11: WAIFRON | F11: 821058526071 | G11: Gumelar | H11: CIHONJE | I11: 3 | J11: 2 | K11: Banyumas | L11: AR-2 | M11: =IFERROR(VLOOKUP(L11, '4_Produk'!C:E, 2, FALSE()), "") -> 20 | N11: =IFERROR(VLOOKUP(L11, '4_Produk'!C:E, 3, FALSE()), "") -> 115000 | O11: 10.152.6.14 | P11: PG-1522602005 | Q11: HWTC072ECDEF | S11: 46096 | T11: 30 | U11: 1/1/7:5 | W11: Aktif | Z11: =IF($F11="","",HYPERLINK("https://wa.me/62"&MID($F11,2,LEN($F11)-1)&"?text="&SUBSTITUTE(SUBSTITUTE("Selamat "&IF(HOUR(NOW())<11,"Pagi",IF(HOUR(NOW())<15,"Siang",IF(HOUR(NOW())<18,"Sore","Malam")))&" Bapak/Ibu "&$D11&","&CHAR(10)&CHAR(10)&"Mohon maaf mengganggu waktunya. Saya dari Tim Teknis Armedia Net wilayah Gumelar ingin melakukan konfirmasi data pelanggan."&CHAR(10)&CHAR(10)&"ID Pelanggan: "&$B11&CHAR(10)&"Boleh dibantu konfirmasi RT/RW rumahnya?"&CHAR(10)&"RT: "&CHAR(10)&"RW: "&CHAR(10)&CHAR(10)&"Terima kasih banyak sebelumnya atas kerjasamanya.",CHAR(10),"%0A")," ","%20"),"Chat WA")) -> Chat WA | AA11: =IF($F11="","",HYPERLINK("https://wa.me/62"&MID($F11,2,LEN($F11)-1),"Chat WA")) -> Chat WA | AB11: =IF($F11="","",HYPERLINK("https://wa.me/62"&MID($F11,2,LEN($F11)-1)&"?text="&SUBSTITUTE(SUBSTITUTE("📄 *INVOICE TAGIHAN INTERNET*"&CHAR(10)&"ARMEDIA NET - Gumelar"&CHAR(10)&CHAR(10)&"No. Invoice: "&$B11&"/"&CHOOSE(MONTH(NOW()),"JAN","FEB","MAR","APR","MEI","JUN","JUL","AGU","SEP","OKT","NOV","DES")&YEAR(NOW())&CHAR(10)&"Tanggal: "&TEXT(NOW(),"DD/MM/YYYY")&CHAR(10)&CHAR(10)&"Pelanggan: "&$D11&CHAR(10)&"ID Pelanggan: "&$B11&CHAR(10)&CHAR(10)&"Rincian:"&CHAR(10)&"Paket Internet "&$M11&" Mbps"&CHAR(10)&"Rp"&TEXT($N11,"#,##0")&CHAR(10)&CHAR(10)&"TOTAL TAGIHAN: Rp"&TEXT($N11,"#,##0")&CHAR(10)&CHAR(10)&"Periode: "&CHOOSE(MONTH(NOW()),"Januari","Februari","Maret","April","Mei","Juni","Juli","Agustus","September","Oktober","November","Desember")&" "&YEAR(NOW())&CHAR(10)&CHAR(10)&"Mohon lakukan pembayaran dan konfirmasi setelah transfer. Terima kasih atas kerjasamanya."&CHAR(10)&CHAR(10)&"ARMEDIA NET - Gumelar",CHAR(10),"%0A")," ","%20"),"Kirim Invoice")) -> Kirim Invoice | AC11: =IF($F11="","",HYPERLINK("https://wa.me/62"&MID($F11,2,LEN($F11)-1)&"?text="&SUBSTITUTE(SUBSTITUTE("Selamat "&IF(HOUR(NOW())<11,"Pagi",IF(HOUR(NOW())<15,"Siang",IF(HOUR(NOW())<18,"Sore","Malam")))&" Bapak/Ibu "&$D11&","&CHAR(10)&CHAR(10)&"Mohon maaf mengganggu waktunya. Kami sedang melengkapi dokumentasi data pelanggan ARMEDIA Net."&CHAR(10)&CHAR(10)&"ID Pelanggan: "&$B11&CHAR(10)&"Mohon bantuannya kirim foto rumah tampak depan, dan share lokasi Google Maps rumahnya."&CHAR(10)&CHAR(10)&"Terima kasih banyak atas kerjasamanya.",CHAR(10),"%0A")," ","%20"),"Chat WA")) -> Chat WA | AD11: =IFERROR(VLOOKUP($Q11,'12_ONT_NEW'!$D:$G,4,FALSE()),"") | AH11: =IFERROR(IF($S11="","",DATE(YEAR(TODAY()),MONTH(TODAY()),DAY($S11))),"") -> 46218 | AI11: =IF($F11="","",HYPERLINK("https://wa.me/62"&MID($F11,2,LEN($F11)-1)&"?text="&SUBSTITUTE(SUBSTITUTE("Halo, mengingatkan tagihan yang akan jatuh tempo dalam beberapa hari 🙏"&CHAR(10)&CHAR(10)&"Yth. Bapak/Ibu "&$D11&CHAR(10)&CHAR(10)&"Invoice tagihan internet ARMEDIA Net:"&CHAR(10)&CHAR(10)&"ID Pelanggan: "&$B11&CHAR(10)&"No. Invoice: "&$B11&"-"&TEXT(TODAY(),"yymmdd")&CHAR(10)&"Layanan: Internet "&$M11&" Mbps"&CHAR(10)&"Harga Paket: Rp"&TEXT($N11,"#,##0")&CHAR(10)&"Periode: 1 Bulan"&CHAR(10)&"Jatuh Tempo: "&IF($AH11="","(tgl pasang belum diisi)",TEXT($AH11,"DD-")&CHOOSE(MONTH(TODAY()),"Jan","Feb","Mar","Apr","Mei","Jun","Jul","Agu","Sep","Okt","Nov","Des")&TEXT($AH11,"-YYYY"))&CHAR(10)&CHAR(10)&"Total Tagihan: Rp"&TEXT($N11,"#,##0")&CHAR(10)&CHAR(10)&"Pembayaran transfer ke:"&CHAR(10)&"Bank Mandiri"&CHAR(10)&"006-001-460711-7"&CHAR(10)&"a.n PT AKSES ARTHA MEDIA"&CHAR(10)&CHAR(10)&"Atau bayar tunai ke kantor ARMEDIA Net, Gumelar."&CHAR(10)&"Konfirmasi setelah transfer ya. Terima kasih."&CHAR(10)&CHAR(10)&"Salam, ARMEDIA Net - Gumelar",CHAR(10),"%0A")," ","%20"),"Kirim WA")) -> Kirim WA | AJ11: =IF($F11="","",HYPERLINK("https://wa.me/62"&MID($F11,2,LEN($F11)-1)&"?text="&SUBSTITUTE(SUBSTITUTE("Halo, tagihan internet Anda jatuh tempo HARI INI ya 🗓"&CHAR(10)&CHAR(10)&"Yth. Bapak/Ibu "&$D11&CHAR(10)&CHAR(10)&"Invoice tagihan internet ARMEDIA Net:"&CHAR(10)&CHAR(10)&"ID Pelanggan: "&$B11&CHAR(10)&"No. Invoice: "&$B11&"-"&TEXT(TODAY(),"yymmdd")&CHAR(10)&"Layanan: Internet "&$M11&" Mbps"&CHAR(10)&"Harga Paket: Rp"&TEXT($N11,"#,##0")&CHAR(10)&"Periode: 1 Bulan"&CHAR(10)&"Jatuh Tempo: "&IF($AH11="","(tgl pasang belum diisi)",TEXT($AH11,"DD-")&CHOOSE(MONTH(TODAY()),"Jan","Feb","Mar","Apr","Mei","Jun","Jul","Agu","Sep","Okt","Nov","Des")&TEXT($AH11,"-YYYY"))&CHAR(10)&CHAR(10)&"Total Tagihan: Rp"&TEXT($N11,"#,##0")&CHAR(10)&CHAR(10)&"Pembayaran transfer ke:"&CHAR(10)&"Bank Mandiri"&CHAR(10)&"006-001-460711-7"&CHAR(10)&"a.n PT AKSES ARTHA MEDIA"&CHAR(10)&CHAR(10)&"Atau bayar tunai ke kantor ARMEDIA Net, Gumelar."&CHAR(10)&"Konfirmasi setelah transfer ya. Terima kasih."&CHAR(10)&CHAR(10)&"Salam, ARMEDIA Net - Gumelar",CHAR(10),"%0A")," ","%20"),"Kirim WA")) -> Kirim WA | AK11: =IF($F11="","",HYPERLINK("https://wa.me/62"&MID($F11,2,LEN($F11)-1)&"?text="&SUBSTITUTE(SUBSTITUTE("Halo, tagihan internet Anda sudah MELEWATI jatuh tempo. Mohon segera diselesaikan agar layanan tidak terputus 🙏"&CHAR(10)&CHAR(10)&"Yth. Bapak/Ibu "&$D11&CHAR(10)&CHAR(10)&"Invoice tagihan internet ARMEDIA Net:"&CHAR(10)&CHAR(10)&"ID Pelanggan: "&$B11&CHAR(10)&"No. Invoice: "&$B11&"-"&TEXT(TODAY(),"yymmdd")&CHAR(10)&"Layanan: Internet "&$M11&" Mbps"&CHAR(10)&"Harga Paket: Rp"&TEXT($N11,"#,##0")&CHAR(10)&"Periode: 1 Bulan"&CHAR(10)&"Jatuh Tempo: "&IF($AH11="","(tgl pasang belum diisi)",TEXT($AH11,"DD-")&CHOOSE(MONTH(TODAY()),"Jan","Feb","Mar","Apr","Mei","Jun","Jul","Agu","Sep","Okt","Nov","Des")&TEXT($AH11,"-YYYY"))&CHAR(10)&CHAR(10)&"Total Tagihan: Rp"&TEXT($N11,"#,##0")&CHAR(10)&CHAR(10)&"Pembayaran transfer ke:"&CHAR(10)&"Bank Mandiri"&CHAR(10)&"006-001-460711-7"&CHAR(10)&"a.n PT AKSES ARTHA MEDIA"&CHAR(10)&CHAR(10)&"Atau bayar tunai ke kantor ARMEDIA Net, Gumelar."&CHAR(10)&"Konfirmasi setelah transfer ya. Terima kasih."&CHAR(10)&CHAR(10)&"Salam, ARMEDIA Net - Gumelar",CHAR(10),"%0A")," ","%20"),"Kirim WA")) -> Kirim WA | AL11: =IFERROR(IF(OR($S11="",$N11=""),"",ROUND((30-DAY($S11))*$N11/30,0)),"") -> 57500 | AM11: =IF($F11="","",HYPERLINK("https://wa.me/62"&MID($F11,2,LEN($F11)-1)&"?text="&SUBSTITUTE(SUBSTITUTE("Selamat datang di ARMEDIA Net, Bapak/Ibu "&$D11&"!"&CHAR(10)&CHAR(10)&"Terima kasih sudah bergabung. Berikut invoice TAGIHAN PERTAMA Anda:"&CHAR(10)&CHAR(10)&"ID Pelanggan: "&$B11&CHAR(10)&"Layanan: Internet "&$M11&" Mbps"&CHAR(10)&"Harga Normal: Rp"&TEXT($N11,"#,##0")&"/bulan"&CHAR(10)&"Tanggal Pasang: "&IF($S11="","-",TEXT($S11,"DD ")&CHOOSE(MONTH(TODAY()),"Jan","Feb","Mar","Apr","Mei","Jun","Jul","Agu","Sep","Okt","Nov","Des")&TEXT($S11,"-YYYY"))&CHAR(10)&CHAR(10)&"TAGIHAN BULAN PERTAMA (pro-rata):"&CHAR(10)&"Rp"&IF($AL11="","-",TEXT($AL11,"#,##0"))&CHAR(10)&CHAR(10)&"Kenapa beda dari harga normal? Karena tagihan bulan pertama dihitung dari tanggal pasang (bukan awal bulan). Bulan berikutnya sudah normal Rp"&TEXT($N11,"#,##0")&"."&CHAR(10)&CHAR(10)&"Pembayaran transfer ke:"&CHAR(10)&"Bank Mandiri"&CHAR(10)&"006-001-460711-7"&CHAR(10)&"a.n PT AKSES ARTHA MEDIA"&CHAR(10)&CHAR(10)&"Atau tunai ke kantor ARMEDIA Net, Gumelar."&CHAR(10)&"Konfirmasi setelah transfer ya. Terima kasih!"&CHAR(10)&CHAR(10)&"Salam, ARMEDIA Net - Gumelar",CHAR(10),"%0A")," ","%20"),"Kirim Invoice")) -> Kirim Invoice | AP11: =IF($M11="","",IFERROR(LOOKUP(9999,--LEFT($M11,ROW(INDIRECT("1:"&LEN($M11)))))&"M_UP","")) -> 2M_UP | AQ11: 1521
A12: =IF($D12="","",COUNTA($D$5:$D12)) -> 8 | B12: =IF($D12="","","ARM-"&TEXT(COUNTA($D$5:$D12),"0000")) -> ARM-0008 | C12: G-15226031505 | D12: WARSITO | E12: 3302150603800003 | F12: 082225429479 | G12: Gumelar | H12: CIHONJE | I12: 3 | J12: 3 | K12: Banyumas | L12: AR-2 | M12: =IFERROR(VLOOKUP(L12, '4_Produk'!C:E, 2, FALSE()), "") -> 20 | N12: =IFERROR(VLOOKUP(L12, '4_Produk'!C:E, 3, FALSE()), "") -> 115000 | O12: 10.152.6.2 | P12: PG-1522602006 | Q12: HWTC072ED2EF | S12: 46096 | T12: 20 | U12: 1/1/7:2 | W12: Aktif | Z12: =IF($F12="","",HYPERLINK("https://wa.me/62"&MID($F12,2,LEN($F12)-1)&"?text="&SUBSTITUTE(SUBSTITUTE("Selamat "&IF(HOUR(NOW())<11,"Pagi",IF(HOUR(NOW())<15,"Siang",IF(HOUR(NOW())<18,"Sore","Malam")))&" Bapak/Ibu "&$D12&","&CHAR(10)&CHAR(10)&"Mohon maaf mengganggu waktunya. Saya dari Tim Teknis Armedia Net wilayah Gumelar ingin melakukan konfirmasi data pelanggan."&CHAR(10)&CHAR(10)&"ID Pelanggan: "&$B12&CHAR(10)&"Boleh dibantu konfirmasi RT/RW rumahnya?"&CHAR(10)&"RT: "&CHAR(10)&"RW: "&CHAR(10)&CHAR(10)&"Terima kasih banyak sebelumnya atas kerjasamanya.",CHAR(10),"%0A")," ","%20"),"Chat WA")) -> Chat WA | AA12: =IF($F12="","",HYPERLINK("https://wa.me/62"&MID($F12,2,LEN($F12)-1),"Chat WA")) -> Chat WA | AB12: =IF($F12="","",HYPERLINK("https://wa.me/62"&MID($F12,2,LEN($F12)-1)&"?text="&SUBSTITUTE(SUBSTITUTE("📄 *INVOICE TAGIHAN INTERNET*"&CHAR(10)&"ARMEDIA NET - Gumelar"&CHAR(10)&CHAR(10)&"No. Invoice: "&$B12&"/"&CHOOSE(MONTH(NOW()),"JAN","FEB","MAR","APR","MEI","JUN","JUL","AGU","SEP","OKT","NOV","DES")&YEAR(NOW())&CHAR(10)&"Tanggal: "&TEXT(NOW(),"DD/MM/YYYY")&CHAR(10)&CHAR(10)&"Pelanggan: "&$D12&CHAR(10)&"ID Pelanggan: "&$B12&CHAR(10)&CHAR(10)&"Rincian:"&CHAR(10)&"Paket Internet "&$M12&" Mbps"&CHAR(10)&"Rp"&TEXT($N12,"#,##0")&CHAR(10)&CHAR(10)&"TOTAL TAGIHAN: Rp"&TEXT($N12,"#,##0")&CHAR(10)&CHAR(10)&"Periode: "&CHOOSE(MONTH(NOW()),"Januari","Februari","Maret","April","Mei","Juni","Juli","Agustus","September","Oktober","November","Desember")&" "&YEAR(NOW())&CHAR(10)&CHAR(10)&"Mohon lakukan pembayaran dan konfirmasi setelah transfer. Terima kasih atas kerjasamanya."&CHAR(10)&CHAR(10)&"ARMEDIA NET - Gumelar",CHAR(10),"%0A")," ","%20"),"Kirim Invoice")) -> Kirim Invoice | AC12: =IF($F12="","",HYPERLINK("https://wa.me/62"&MID($F12,2,LEN($F12)-1)&"?text="&SUBSTITUTE(SUBSTITUTE("Selamat "&IF(HOUR(NOW())<11,"Pagi",IF(HOUR(NOW())<15,"Siang",IF(HOUR(NOW())<18,"Sore","Malam")))&" Bapak/Ibu "&$D12&","&CHAR(10)&CHAR(10)&"Mohon maaf mengganggu waktunya. Kami sedang melengkapi dokumentasi data pelanggan ARMEDIA Net."&CHAR(10)&CHAR(10)&"ID Pelanggan: "&$B12&CHAR(10)&"Mohon bantuannya kirim foto rumah tampak depan, dan share lokasi Google Maps rumahnya."&CHAR(10)&CHAR(10)&"Terima kasih banyak atas kerjasamanya.",CHAR(10),"%0A")," ","%20"),"Chat WA")) -> Chat WA | AD12: =IFERROR(VLOOKUP($Q12,'12_ONT_NEW'!$D:$G,4,FALSE()),"") | AH12: =IFERROR(IF($S12="","",DATE(YEAR(TODAY()),MONTH(TODAY()),DAY($S12))),"") -> 46218 | AI12: =IF($F12="","",HYPERLINK("https://wa.me/62"&MID($F12,2,LEN($F12)-1)&"?text="&SUBSTITUTE(SUBSTITUTE("Halo, mengingatkan tagihan yang akan jatuh tempo dalam beberapa hari 🙏"&CHAR(10)&CHAR(10)&"Yth. Bapak/Ibu "&$D12&CHAR(10)&CHAR(10)&"Invoice tagihan internet ARMEDIA Net:"&CHAR(10)&CHAR(10)&"ID Pelanggan: "&$B12&CHAR(10)&"No. Invoice: "&$B12&"-"&TEXT(TODAY(),"yymmdd")&CHAR(10)&"Layanan: Internet "&$M12&" Mbps"&CHAR(10)&"Harga Paket: Rp"&TEXT($N12,"#,##0")&CHAR(10)&"Periode: 1 Bulan"&CHAR(10)&"Jatuh Tempo: "&IF($AH12="","(tgl pasang belum diisi)",TEXT($AH12,"DD-")&CHOOSE(MONTH(TODAY()),"Jan","Feb","Mar","Apr","Mei","Jun","Jul","Agu","Sep","Okt","Nov","Des")&TEXT($AH12,"-YYYY"))&CHAR(10)&CHAR(10)&"Total Tagihan: Rp"&TEXT($N12,"#,##0")&CHAR(10)&CHAR(10)&"Pembayaran transfer ke:"&CHAR(10)&"Bank Mandiri"&CHAR(10)&"006-001-460711-7"&CHAR(10)&"a.n PT AKSES ARTHA MEDIA"&CHAR(10)&CHAR(10)&"Atau bayar tunai ke kantor ARMEDIA Net, Gumelar."&CHAR(10)&"Konfirmasi setelah transfer ya. Terima kasih."&CHAR(10)&CHAR(10)&"Salam, ARMEDIA Net - Gumelar",CHAR(10),"%0A")," ","%20"),"Kirim WA")) -> Kirim WA | AJ12: =IF($F12="","",HYPERLINK("https://wa.me/62"&MID($F12,2,LEN($F12)-1)&"?text="&SUBSTITUTE(SUBSTITUTE("Halo, tagihan internet Anda jatuh tempo HARI INI ya 🗓"&CHAR(10)&CHAR(10)&"Yth. Bapak/Ibu "&$D12&CHAR(10)&CHAR(10)&"Invoice tagihan internet ARMEDIA Net:"&CHAR(10)&CHAR(10)&"ID Pelanggan: "&$B12&CHAR(10)&"No. Invoice: "&$B12&"-"&TEXT(TODAY(),"yymmdd")&CHAR(10)&"Layanan: Internet "&$M12&" Mbps"&CHAR(10)&"Harga Paket: Rp"&TEXT($N12,"#,##0")&CHAR(10)&"Periode: 1 Bulan"&CHAR(10)&"Jatuh Tempo: "&IF($AH12="","(tgl pasang belum diisi)",TEXT($AH12,"DD-")&CHOOSE(MONTH(TODAY()),"Jan","Feb","Mar","Apr","Mei","Jun","Jul","Agu","Sep","Okt","Nov","Des")&TEXT($AH12,"-YYYY"))&CHAR(10)&CHAR(10)&"Total Tagihan: Rp"&TEXT($N12,"#,##0")&CHAR(10)&CHAR(10)&"Pembayaran transfer ke:"&CHAR(10)&"Bank Mandiri"&CHAR(10)&"006-001-460711-7"&CHAR(10)&"a.n PT AKSES ARTHA MEDIA"&CHAR(10)&CHAR(10)&"Atau bayar tunai ke kantor ARMEDIA Net, Gumelar."&CHAR(10)&"Konfirmasi setelah transfer ya. Terima kasih."&CHAR(10)&CHAR(10)&"Salam, ARMEDIA Net - Gumelar",CHAR(10),"%0A")," ","%20"),"Kirim WA")) -> Kirim WA | AK12: =IF($F12="","",HYPERLINK("https://wa.me/62"&MID($F12,2,LEN($F12)-1)&"?text="&SUBSTITUTE(SUBSTITUTE("Halo, tagihan internet Anda sudah MELEWATI jatuh tempo. Mohon segera diselesaikan agar layanan tidak terputus 🙏"&CHAR(10)&CHAR(10)&"Yth. Bapak/Ibu "&$D12&CHAR(10)&CHAR(10)&"Invoice tagihan internet ARMEDIA Net:"&CHAR(10)&CHAR(10)&"ID Pelanggan: "&$B12&CHAR(10)&"No. Invoice: "&$B12&"-"&TEXT(TODAY(),"yymmdd")&CHAR(10)&"Layanan: Internet "&$M12&" Mbps"&CHAR(10)&"Harga Paket: Rp"&TEXT($N12,"#,##0")&CHAR(10)&"Periode: 1 Bulan"&CHAR(10)&"Jatuh Tempo: "&IF($AH12="","(tgl pasang belum diisi)",TEXT($AH12,"DD-")&CHOOSE(MONTH(TODAY()),"Jan","Feb","Mar","Apr","Mei","Jun","Jul","Agu","Sep","Okt","Nov","Des")&TEXT($AH12,"-YYYY"))&CHAR(10)&CHAR(10)&"Total Tagihan: Rp"&TEXT($N12,"#,##0")&CHAR(10)&CHAR(10)&"Pembayaran transfer ke:"&CHAR(10)&"Bank Mandiri"&CHAR(10)&"006-001-460711-7"&CHAR(10)&"a.n PT AKSES ARTHA MEDIA"&CHAR(10)&CHAR(10)&"Atau bayar tunai ke kantor ARMEDIA Net, Gumelar."&CHAR(10)&"Konfirmasi setelah transfer ya. Terima kasih."&CHAR(10)&CHAR(10)&"Salam, ARMEDIA Net - Gumelar",CHAR(10),"%0A")," ","%20"),"Kirim WA")) -> Kirim WA | AL12: =IFERROR(IF(OR($S12="",$N12=""),"",ROUND((30-DAY($S12))*$N12/30,0)),"") -> 57500 | AM12: =IF($F12="","",HYPERLINK("https://wa.me/62"&MID($F12,2,LEN($F12)-1)&"?text="&SUBSTITUTE(SUBSTITUTE("Selamat datang di ARMEDIA Net, Bapak/Ibu "&$D12&"!"&CHAR(10)&CHAR(10)&"Terima kasih sudah bergabung. Berikut invoice TAGIHAN PERTAMA Anda:"&CHAR(10)&CHAR(10)&"ID Pelanggan: "&$B12&CHAR(10)&"Layanan: Internet "&$M12&" Mbps"&CHAR(10)&"Harga Normal: Rp"&TEXT($N12,"#,##0")&"/bulan"&CHAR(10)&"Tanggal Pasang: "&IF($S12="","-",TEXT($S12,"DD ")&CHOOSE(MONTH(TODAY()),"Jan","Feb","Mar","Apr","Mei","Jun","Jul","Agu","Sep","Okt","Nov","Des")&TEXT($S12,"-YYYY"))&CHAR(10)&CHAR(10)&"TAGIHAN BULAN PERTAMA (pro-rata):"&CHAR(10)&"Rp"&IF($AL12="","-",TEXT($AL12,"#,##0"))&CHAR(10)&CHAR(10)&"Kenapa beda dari harga normal? Karena tagihan bulan pertama dihitung dari tanggal pasang (bukan awal bulan). Bulan berikutnya sudah normal Rp"&TEXT($N12,"#,##0")&"."&CHAR(10)&CHAR(10)&"Pembayaran transfer ke:"&CHAR(10)&"Bank Mandiri"&CHAR(10)&"006-001-460711-7"&CHAR(10)&"a.n PT AKSES ARTHA MEDIA"&CHAR(10)&CHAR(10)&"Atau tunai ke kantor ARMEDIA Net, Gumelar."&CHAR(10)&"Konfirmasi setelah transfer ya. Terima kasih!"&CHAR(10)&CHAR(10)&"Salam, ARMEDIA Net - Gumelar",CHAR(10),"%0A")," ","%20"),"Kirim Invoice")) -> Kirim Invoice | AP12: =IF($M12="","",IFERROR(LOOKUP(9999,--LEFT($M12,ROW(INDIRECT("1:"&LEN($M12)))))&"M_UP","")) -> 2M_UP | AQ12: 1521
A13: =IF($D13="","",COUNTA($D$5:$D13)) -> 9 | B13: =IF($D13="","","ARM-"&TEXT(COUNTA($D$5:$D13),"0000")) -> ARM-0009 | C13: G-15226031506 | D13: RUMINAH | E13: 3302155503810001 | F13: 082326822082 | G13: Gumelar | H13: CIHONJE | I13: 3 | J13: 2 | K13: Banyumas | L13: AR-2 | M13: =IFERROR(VLOOKUP(L13, '4_Produk'!C:E, 2, FALSE()), "") -> 20 | N13: =IFERROR(VLOOKUP(L13, '4_Produk'!C:E, 3, FALSE()), "") -> 115000 | O13: 10.152.6.10 | P13: PG-1522602007 | Q13: HWTC072F20FF | S13: 46096 | T13: 21 | U13: 1/1/7:4 | W13: Aktif | Z13: =IF($F13="","",HYPERLINK("https://wa.me/62"&MID($F13,2,LEN($F13)-1)&"?text="&SUBSTITUTE(SUBSTITUTE("Selamat "&IF(HOUR(NOW())<11,"Pagi",IF(HOUR(NOW())<15,"Siang",IF(HOUR(NOW())<18,"Sore","Malam")))&" Bapak/Ibu "&$D13&","&CHAR(10)&CHAR(10)&"Mohon maaf mengganggu waktunya. Saya dari Tim Teknis Armedia Net wilayah Gumelar ingin melakukan konfirmasi data pelanggan."&CHAR(10)&CHAR(10)&"ID Pelanggan: "&$B13&CHAR(10)&"Boleh dibantu konfirmasi RT/RW rumahnya?"&CHAR(10)&"RT: "&CHAR(10)&"RW: "&CHAR(10)&CHAR(10)&"Terima kasih banyak sebelumnya atas kerjasamanya.",CHAR(10),"%0A")," ","%20"),"Chat WA")) -> Chat WA | AA13: =IF($F13="","",HYPERLINK("https://wa.me/62"&MID($F13,2,LEN($F13)-1),"Chat WA")) -> Chat WA | AB13: =IF($F13="","",HYPERLINK("https://wa.me/62"&MID($F13,2,LEN($F13)-1)&"?text="&SUBSTITUTE(SUBSTITUTE("📄 *INVOICE TAGIHAN INTERNET*"&CHAR(10)&"ARMEDIA NET - Gumelar"&CHAR(10)&CHAR(10)&"No. Invoice: "&$B13&"/"&CHOOSE(MONTH(NOW()),"JAN","FEB","MAR","APR","MEI","JUN","JUL","AGU","SEP","OKT","NOV","DES")&YEAR(NOW())&CHAR(10)&"Tanggal: "&TEXT(NOW(),"DD/MM/YYYY")&CHAR(10)&CHAR(10)&"Pelanggan: "&$D13&CHAR(10)&"ID Pelanggan: "&$B13&CHAR(10)&CHAR(10)&"Rincian:"&CHAR(10)&"Paket Internet "&$M13&" Mbps"&CHAR(10)&"Rp"&TEXT($N13,"#,##0")&CHAR(10)&CHAR(10)&"TOTAL TAGIHAN: Rp"&TEXT($N13,"#,##0")&CHAR(10)&CHAR(10)&"Periode: "&CHOOSE(MONTH(NOW()),"Januari","Februari","Maret","April","Mei","Juni","Juli","Agustus","September","Oktober","November","Desember")&" "&YEAR(NOW())&CHAR(10)&CHAR(10)&"Mohon lakukan pembayaran dan konfirmasi setelah transfer. Terima kasih atas kerjasamanya."&CHAR(10)&CHAR(10)&"ARMEDIA NET - Gumelar",CHAR(10),"%0A")," ","%20"),"Kirim Invoice")) -> Kirim Invoice | AC13: =IF($F13="","",HYPERLINK("https://wa.me/62"&MID($F13,2,LEN($F13)-1)&"?text="&SUBSTITUTE(SUBSTITUTE("Selamat "&IF(HOUR(NOW())<11,"Pagi",IF(HOUR(NOW())<15,"Siang",IF(HOUR(NOW())<18,"Sore","Malam")))&" Bapak/Ibu "&$D13&","&CHAR(10)&CHAR(10)&"Mohon maaf mengganggu waktunya. Kami sedang melengkapi dokumentasi data pelanggan ARMEDIA Net."&CHAR(10)&CHAR(10)&"ID Pelanggan: "&$B13&CHAR(10)&"Mohon bantuannya kirim foto rumah tampak depan, dan share lokasi Google Maps rumahnya."&CHAR(10)&CHAR(10)&"Terima kasih banyak atas kerjasamanya.",CHAR(10),"%0A")," ","%20"),"Chat WA")) -> Chat WA | AD13: =IFERROR(VLOOKUP($Q13,'12_ONT_NEW'!$D:$G,4,FALSE()),"") | AH13: =IFERROR(IF($S13="","",DATE(YEAR(TODAY()),MONTH(TODAY()),DAY($S13))),"") -> 46218 | AI13: =IF($F13="","",HYPERLINK("https://wa.me/62"&MID($F13,2,LEN($F13)-1)&"?text="&SUBSTITUTE(SUBSTITUTE("Halo, mengingatkan tagihan yang akan jatuh tempo dalam beberapa hari 🙏"&CHAR(10)&CHAR(10)&"Yth. Bapak/Ibu "&$D13&CHAR(10)&CHAR(10)&"Invoice tagihan internet ARMEDIA Net:"&CHAR(10)&CHAR(10)&"ID Pelanggan: "&$B13&CHAR(10)&"No. Invoice: "&$B13&"-"&TEXT(TODAY(),"yymmdd")&CHAR(10)&"Layanan: Internet "&$M13&" Mbps"&CHAR(10)&"Harga Paket: Rp"&TEXT($N13,"#,##0")&CHAR(10)&"Periode: 1 Bulan"&CHAR(10)&"Jatuh Tempo: "&IF($AH13="","(tgl pasang belum diisi)",TEXT($AH13,"DD-")&CHOOSE(MONTH(TODAY()),"Jan","Feb","Mar","Apr","Mei","Jun","Jul","Agu","Sep","Okt","Nov","Des")&TEXT($AH13,"-YYYY"))&CHAR(10)&CHAR(10)&"Total Tagihan: Rp"&TEXT($N13,"#,##0")&CHAR(10)&CHAR(10)&"Pembayaran transfer ke:"&CHAR(10)&"Bank Mandiri"&CHAR(10)&"006-001-460711-7"&CHAR(10)&"a.n PT AKSES ARTHA MEDIA"&CHAR(10)&CHAR(10)&"Atau bayar tunai ke kantor ARMEDIA Net, Gumelar."&CHAR(10)&"Konfirmasi setelah transfer ya. Terima kasih."&CHAR(10)&CHAR(10)&"Salam, ARMEDIA Net - Gumelar",CHAR(10),"%0A")," ","%20"),"Kirim WA")) -> Kirim WA | AJ13: =IF($F13="","",HYPERLINK("https://wa.me/62"&MID($F13,2,LEN($F13)-1)&"?text="&SUBSTITUTE(SUBSTITUTE("Halo, tagihan internet Anda jatuh tempo HARI INI ya 🗓"&CHAR(10)&CHAR(10)&"Yth. Bapak/Ibu "&$D13&CHAR(10)&CHAR(10)&"Invoice tagihan internet ARMEDIA Net:"&CHAR(10)&CHAR(10)&"ID Pelanggan: "&$B13&CHAR(10)&"No. Invoice: "&$B13&"-"&TEXT(TODAY(),"yymmdd")&CHAR(10)&"Layanan: Internet "&$M13&" Mbps"&CHAR(10)&"Harga Paket: Rp"&TEXT($N13,"#,##0")&CHAR(10)&"Periode: 1 Bulan"&CHAR(10)&"Jatuh Tempo: "&IF($AH13="","(tgl pasang belum diisi)",TEXT($AH13,"DD-")&CHOOSE(MONTH(TODAY()),"Jan","Feb","Mar","Apr","Mei","Jun","Jul","Agu","Sep","Okt","Nov","Des")&TEXT($AH13,"-YYYY"))&CHAR(10)&CHAR(10)&"Total Tagihan: Rp"&TEXT($N13,"#,##0")&CHAR(10)&CHAR(10)&"Pembayaran transfer ke:"&CHAR(10)&"Bank Mandiri"&CHAR(10)&"006-001-460711-7"&CHAR(10)&"a.n PT AKSES ARTHA MEDIA"&CHAR(10)&CHAR(10)&"Atau bayar tunai ke kantor ARMEDIA Net, Gumelar."&CHAR(10)&"Konfirmasi setelah transfer ya. Terima kasih."&CHAR(10)&CHAR(10)&"Salam, ARMEDIA Net - Gumelar",CHAR(10),"%0A")," ","%20"),"Kirim WA")) -> Kirim WA | AK13: =IF($F13="","",HYPERLINK("https://wa.me/62"&MID($F13,2,LEN($F13)-1)&"?text="&SUBSTITUTE(SUBSTITUTE("Halo, tagihan internet Anda sudah MELEWATI jatuh tempo. Mohon segera diselesaikan agar layanan tidak terputus 🙏"&CHAR(10)&CHAR(10)&"Yth. Bapak/Ibu "&$D13&CHAR(10)&CHAR(10)&"Invoice tagihan internet ARMEDIA Net:"&CHAR(10)&CHAR(10)&"ID Pelanggan: "&$B13&CHAR(10)&"No. Invoice: "&$B13&"-"&TEXT(TODAY(),"yymmdd")&CHAR(10)&"Layanan: Internet "&$M13&" Mbps"&CHAR(10)&"Harga Paket: Rp"&TEXT($N13,"#,##0")&CHAR(10)&"Periode: 1 Bulan"&CHAR(10)&"Jatuh Tempo: "&IF($AH13="","(tgl pasang belum diisi)",TEXT($AH13,"DD-")&CHOOSE(MONTH(TODAY()),"Jan","Feb","Mar","Apr","Mei","Jun","Jul","Agu","Sep","Okt","Nov","Des")&TEXT($AH13,"-YYYY"))&CHAR(10)&CHAR(10)&"Total Tagihan: Rp"&TEXT($N13,"#,##0")&CHAR(10)&CHAR(10)&"Pembayaran transfer ke:"&CHAR(10)&"Bank Mandiri"&CHAR(10)&"006-001-460711-7"&CHAR(10)&"a.n PT AKSES ARTHA MEDIA"&CHAR(10)&CHAR(10)&"Atau bayar tunai ke kantor ARMEDIA Net, Gumelar."&CHAR(10)&"Konfirmasi setelah transfer ya. Terima kasih."&CHAR(10)&CHAR(10)&"Salam, ARMEDIA Net - Gumelar",CHAR(10),"%0A")," ","%20"),"Kirim WA")) -> Kirim WA | AL13: =IFERROR(IF(OR($S13="",$N13=""),"",ROUND((30-DAY($S13))*$N13/30,0)),"") -> 57500 | AM13: =IF($F13="","",HYPERLINK("https://wa.me/62"&MID($F13,2,LEN($F13)-1)&"?text="&SUBSTITUTE(SUBSTITUTE("Selamat datang di ARMEDIA Net, Bapak/Ibu "&$D13&"!"&CHAR(10)&CHAR(10)&"Terima kasih sudah bergabung. Berikut invoice TAGIHAN PERTAMA Anda:"&CHAR(10)&CHAR(10)&"ID Pelanggan: "&$B13&CHAR(10)&"Layanan: Internet "&$M13&" Mbps"&CHAR(10)&"Harga Normal: Rp"&TEXT($N13,"#,##0")&"/bulan"&CHAR(10)&"Tanggal Pasang: "&IF($S13="","-",TEXT($S13,"DD ")&CHOOSE(MONTH(TODAY()),"Jan","Feb","Mar","Apr","Mei","Jun","Jul","Agu","Sep","Okt","Nov","Des")&TEXT($S13,"-YYYY"))&CHAR(10)&CHAR(10)&"TAGIHAN BULAN PERTAMA (pro-rata):"&CHAR(10)&"Rp"&IF($AL13="","-",TEXT($AL13,"#,##0"))&CHAR(10)&CHAR(10)&"Kenapa beda dari harga normal? Karena tagihan bulan pertama dihitung dari tanggal pasang (bukan awal bulan). Bulan berikutnya sudah normal Rp"&TEXT($N13,"#,##0")&"."&CHAR(10)&CHAR(10)&"Pembayaran transfer ke:"&CHAR(10)&"Bank Mandiri"&CHAR(10)&"006-001-460711-7"&CHAR(10)&"a.n PT AKSES ARTHA MEDIA"&CHAR(10)&CHAR(10)&"Atau tunai ke kantor ARMEDIA Net, Gumelar."&CHAR(10)&"Konfirmasi setelah transfer ya. Terima kasih!"&CHAR(10)&CHAR(10)&"Salam, ARMEDIA Net - Gumelar",CHAR(10),"%0A")," ","%20"),"Kirim Invoice")) -> Kirim Invoice | AP13: =IF($M13="","",IFERROR(LOOKUP(9999,--LEFT($M13,ROW(INDIRECT("1:"&LEN($M13)))))&"M_UP","")) -> 2M_UP | AQ13: 1521
A14: =IF($D14="","",COUNTA($D$5:$D14)) -> 10 | B14: =IF($D14="","","ARM-"&TEXT(COUNTA($D$5:$D14),"0000")) -> ARM-0010 | C14: G-15226031507 | D14: SUDIRMAN | E14: 3302152506760001 | F14: 081327978228 | G14: Gumelar | H14: CIHONJE | I14: 3 | J14: 2 | K14: Banyumas | L14: AR-2 | M14: =IFERROR(VLOOKUP(L14, '4_Produk'!C:E, 2, FALSE()), "") -> 20 | N14: =IFERROR(VLOOKUP(L14, '4_Produk'!C:E, 3, FALSE()), "") -> 115000 | O14: 10.152.6.26 | P14: PG-1522602008 | Q14: HWTC072F0E3F | S14: 46096 | T14: 20 | U14: 1/1/7:6 | W14: Aktif | Z14: =IF($F14="","",HYPERLINK("https://wa.me/62"&MID($F14,2,LEN($F14)-1)&"?text="&SUBSTITUTE(SUBSTITUTE("Selamat "&IF(HOUR(NOW())<11,"Pagi",IF(HOUR(NOW())<15,"Siang",IF(HOUR(NOW())<18,"Sore","Malam")))&" Bapak/Ibu "&$D14&","&CHAR(10)&CHAR(10)&"Mohon maaf mengganggu waktunya. Saya dari Tim Teknis Armedia Net wilayah Gumelar ingin melakukan konfirmasi data pelanggan."&CHAR(10)&CHAR(10)&"ID Pelanggan: "&$B14&CHAR(10)&"Boleh dibantu konfirmasi RT/RW rumahnya?"&CHAR(10)&"RT: "&CHAR(10)&"RW: "&CHAR(10)&CHAR(10)&"Terima kasih banyak sebelumnya atas kerjasamanya.",CHAR(10),"%0A")," ","%20"),"Chat WA")) -> Chat WA | AA14: =IF($F14="","",HYPERLINK("https://wa.me/62"&MID($F14,2,LEN($F14)-1),"Chat WA")) -> Chat WA | AB14: =IF($F14="","",HYPERLINK("https://wa.me/62"&MID($F14,2,LEN($F14)-1)&"?text="&SUBSTITUTE(SUBSTITUTE("📄 *INVOICE TAGIHAN INTERNET*"&CHAR(10)&"ARMEDIA NET - Gumelar"&CHAR(10)&CHAR(10)&"No. Invoice: "&$B14&"/"&CHOOSE(MONTH(NOW()),"JAN","FEB","MAR","APR","MEI","JUN","JUL","AGU","SEP","OKT","NOV","DES")&YEAR(NOW())&CHAR(10)&"Tanggal: "&TEXT(NOW(),"DD/MM/YYYY")&CHAR(10)&CHAR(10)&"Pelanggan: "&$D14&CHAR(10)&"ID Pelanggan: "&$B14&CHAR(10)&CHAR(10)&"Rincian:"&CHAR(10)&"Paket Internet "&$M14&" Mbps"&CHAR(10)&"Rp"&TEXT($N14,"#,##0")&CHAR(10)&CHAR(10)&"TOTAL TAGIHAN: Rp"&TEXT($N14,"#,##0")&CHAR(10)&CHAR(10)&"Periode: "&CHOOSE(MONTH(NOW()),"Januari","Februari","Maret","April","Mei","Juni","Juli","Agustus","September","Oktober","November","Desember")&" "&YEAR(NOW())&CHAR(10)&CHAR(10)&"Mohon lakukan pembayaran dan konfirmasi setelah transfer. Terima kasih atas kerjasamanya."&CHAR(10)&CHAR(10)&"ARMEDIA NET - Gumelar",CHAR(10),"%0A")," ","%20"),"Kirim Invoice")) -> Kirim Invoice | AC14: =IF($F14="","",HYPERLINK("https://wa.me/62"&MID($F14,2,LEN($F14)-1)&"?text="&SUBSTITUTE(SUBSTITUTE("Selamat "&IF(HOUR(NOW())<11,"Pagi",IF(HOUR(NOW())<15,"Siang",IF(HOUR(NOW())<18,"Sore","Malam")))&" Bapak/Ibu "&$D14&","&CHAR(10)&CHAR(10)&"Mohon maaf mengganggu waktunya. Kami sedang melengkapi dokumentasi data pelanggan ARMEDIA Net."&CHAR(10)&CHAR(10)&"ID Pelanggan: "&$B14&CHAR(10)&"Mohon bantuannya kirim foto rumah tampak depan, dan share lokasi Google Maps rumahnya."&CHAR(10)&CHAR(10)&"Terima kasih banyak atas kerjasamanya.",CHAR(10),"%0A")," ","%20"),"Chat WA")) -> Chat WA | AD14: =IFERROR(VLOOKUP($Q14,'12_ONT_NEW'!$D:$G,4,FALSE()),"") | AH14: =IFERROR(IF($S14="","",DATE(YEAR(TODAY()),MONTH(TODAY()),DAY($S14))),"") -> 46218 | AI14: =IF($F14="","",HYPERLINK("https://wa.me/62"&MID($F14,2,LEN($F14)-1)&"?text="&SUBSTITUTE(SUBSTITUTE("Halo, mengingatkan tagihan yang akan jatuh tempo dalam beberapa hari 🙏"&CHAR(10)&CHAR(10)&"Yth. Bapak/Ibu "&$D14&CHAR(10)&CHAR(10)&"Invoice tagihan internet ARMEDIA Net:"&CHAR(10)&CHAR(10)&"ID Pelanggan: "&$B14&CHAR(10)&"No. Invoice: "&$B14&"-"&TEXT(TODAY(),"yymmdd")&CHAR(10)&"Layanan: Internet "&$M14&" Mbps"&CHAR(10)&"Harga Paket: Rp"&TEXT($N14,"#,##0")&CHAR(10)&"Periode: 1 Bulan"&CHAR(10)&"Jatuh Tempo: "&IF($AH14="","(tgl pasang belum diisi)",TEXT($AH14,"DD-")&CHOOSE(MONTH(TODAY()),"Jan","Feb","Mar","Apr","Mei","Jun","Jul","Agu","Sep","Okt","Nov","Des")&TEXT($AH14,"-YYYY"))&CHAR(10)&CHAR(10)&"Total Tagihan: Rp"&TEXT($N14,"#,##0")&CHAR(10)&CHAR(10)&"Pembayaran transfer ke:"&CHAR(10)&"Bank Mandiri"&CHAR(10)&"006-001-460711-7"&CHAR(10)&"a.n PT AKSES ARTHA MEDIA"&CHAR(10)&CHAR(10)&"Atau bayar tunai ke kantor ARMEDIA Net, Gumelar."&CHAR(10)&"Konfirmasi setelah transfer ya. Terima kasih."&CHAR(10)&CHAR(10)&"Salam, ARMEDIA Net - Gumelar",CHAR(10),"%0A")," ","%20"),"Kirim WA")) -> Kirim WA | AJ14: =IF($F14="","",HYPERLINK("https://wa.me/62"&MID($F14,2,LEN($F14)-1)&"?text="&SUBSTITUTE(SUBSTITUTE("Halo, tagihan internet Anda jatuh tempo HARI INI ya 🗓"&CHAR(10)&CHAR(10)&"Yth. Bapak/Ibu "&$D14&CHAR(10)&CHAR(10)&"Invoice tagihan internet ARMEDIA Net:"&CHAR(10)&CHAR(10)&"ID Pelanggan: "&$B14&CHAR(10)&"No. Invoice: "&$B14&"-"&TEXT(TODAY(),"yymmdd")&CHAR(10)&"Layanan: Internet "&$M14&" Mbps"&CHAR(10)&"Harga Paket: Rp"&TEXT($N14,"#,##0")&CHAR(10)&"Periode: 1 Bulan"&CHAR(10)&"Jatuh Tempo: "&IF($AH14="","(tgl pasang belum diisi)",TEXT($AH14,"DD-")&CHOOSE(MONTH(TODAY()),"Jan","Feb","Mar","Apr","Mei","Jun","Jul","Agu","Sep","Okt","Nov","Des")&TEXT($AH14,"-YYYY"))&CHAR(10)&CHAR(10)&"Total Tagihan: Rp"&TEXT($N14,"#,##0")&CHAR(10)&CHAR(10)&"Pembayaran transfer ke:"&CHAR(10)&"Bank Mandiri"&CHAR(10)&"006-001-460711-7"&CHAR(10)&"a.n PT AKSES ARTHA MEDIA"&CHAR(10)&CHAR(10)&"Atau bayar tunai ke kantor ARMEDIA Net, Gumelar."&CHAR(10)&"Konfirmasi setelah transfer ya. Terima kasih."&CHAR(10)&CHAR(10)&"Salam, ARMEDIA Net - Gumelar",CHAR(10),"%0A")," ","%20"),"Kirim WA")) -> Kirim WA | AK14: =IF($F14="","",HYPERLINK("https://wa.me/62"&MID($F14,2,LEN($F14)-1)&"?text="&SUBSTITUTE(SUBSTITUTE("Halo, tagihan internet Anda sudah MELEWATI jatuh tempo. Mohon segera diselesaikan agar layanan tidak terputus 🙏"&CHAR(10)&CHAR(10)&"Yth. Bapak/Ibu "&$D14&CHAR(10)&CHAR(10)&"Invoice tagihan internet ARMEDIA Net:"&CHAR(10)&CHAR(10)&"ID Pelanggan: "&$B14&CHAR(10)&"No. Invoice: "&$B14&"-"&TEXT(TODAY(),"yymmdd")&CHAR(10)&"Layanan: Internet "&$M14&" Mbps"&CHAR(10)&"Harga Paket: Rp"&TEXT($N14,"#,##0")&CHAR(10)&"Periode: 1 Bulan"&CHAR(10)&"Jatuh Tempo: "&IF($AH14="","(tgl pasang belum diisi)",TEXT($AH14,"DD-")&CHOOSE(MONTH(TODAY()),"Jan","Feb","Mar","Apr","Mei","Jun","Jul","Agu","Sep","Okt","Nov","Des")&TEXT($AH14,"-YYYY"))&CHAR(10)&CHAR(10)&"Total Tagihan: Rp"&TEXT($N14,"#,##0")&CHAR(10)&CHAR(10)&"Pembayaran transfer ke:"&CHAR(10)&"Bank Mandiri"&CHAR(10)&"006-001-460711-7"&CHAR(10)&"a.n PT AKSES ARTHA MEDIA"&CHAR(10)&CHAR(10)&"Atau bayar tunai ke kantor ARMEDIA Net, Gumelar."&CHAR(10)&"Konfirmasi setelah transfer ya. Terima kasih."&CHAR(10)&CHAR(10)&"Salam, ARMEDIA Net - Gumelar",CHAR(10),"%0A")," ","%20"),"Kirim WA")) -> Kirim WA | AL14: =IFERROR(IF(OR($S14="",$N14=""),"",ROUND((30-DAY($S14))*$N14/30,0)),"") -> 57500 | AM14: =IF($F14="","",HYPERLINK("https://wa.me/62"&MID($F14,2,LEN($F14)-1)&"?text="&SUBSTITUTE(SUBSTITUTE("Selamat datang di ARMEDIA Net, Bapak/Ibu "&$D14&"!"&CHAR(10)&CHAR(10)&"Terima kasih sudah bergabung. Berikut invoice TAGIHAN PERTAMA Anda:"&CHAR(10)&CHAR(10)&"ID Pelanggan: "&$B14&CHAR(10)&"Layanan: Internet "&$M14&" Mbps"&CHAR(10)&"Harga Normal: Rp"&TEXT($N14,"#,##0")&"/bulan"&CHAR(10)&"Tanggal Pasang: "&IF($S14="","-",TEXT($S14,"DD ")&CHOOSE(MONTH(TODAY()),"Jan","Feb","Mar","Apr","Mei","Jun","Jul","Agu","Sep","Okt","Nov","Des")&TEXT($S14,"-YYYY"))&CHAR(10)&CHAR(10)&"TAGIHAN BULAN PERTAMA (pro-rata):"&CHAR(10)&"Rp"&IF($AL14="","-",TEXT($AL14,"#,##0"))&CHAR(10)&CHAR(10)&"Kenapa beda dari harga normal? Karena tagihan bulan pertama dihitung dari tanggal pasang (bukan awal bulan). Bulan berikutnya sudah normal Rp"&TEXT($N14,"#,##0")&"."&CHAR(10)&CHAR(10)&"Pembayaran transfer ke:"&CHAR(10)&"Bank Mandiri"&CHAR(10)&"006-001-460711-7"&CHAR(10)&"a.n PT AKSES ARTHA MEDIA"&CHAR(10)&CHAR(10)&"Atau tunai ke kantor ARMEDIA Net, Gumelar."&CHAR(10)&"Konfirmasi setelah transfer ya. Terima kasih!"&CHAR(10)&CHAR(10)&"Salam, ARMEDIA Net - Gumelar",CHAR(10),"%0A")," ","%20"),"Kirim Invoice")) -> Kirim Invoice | AP14: =IF($M14="","",IFERROR(LOOKUP(9999,--LEFT($M14,ROW(INDIRECT("1:"&LEN($M14)))))&"M_UP","")) -> 2M_UP | AQ14: 1521
A15: =IF($D15="","",COUNTA($D$5:$D15)) -> 11 | B15: =IF($D15="","","ARM-"&TEXT(COUNTA($D$5:$D15),"0000")) -> ARM-0011 | C15: G-15226031508 | D15: ROMSIACH | F15: 085870401985 | G15: Gumelar | H15: CIHONJE | K15: Banyumas | L15: AR-2 | M15: =IFERROR(VLOOKUP(L15, '4_Produk'!C:E, 2, FALSE()), "") -> 20 | N15: =IFERROR(VLOOKUP(L15, '4_Produk'!C:E, 3, FALSE()), "") -> 115000 | O15: 10.152.6.74 | P15: PG-1522602009 | Q15: HWTC072EFDAF | S15: 46096 | T15: 140 | U15: 1/1/3:7 | W15: Aktif | Z15: =IF($F15="","",HYPERLINK("https://wa.me/62"&MID($F15,2,LEN($F15)-1)&"?text="&SUBSTITUTE(SUBSTITUTE("Selamat "&IF(HOUR(NOW())<11,"Pagi",IF(HOUR(NOW())<15,"Siang",IF(HOUR(NOW())<18,"Sore","Malam")))&" Bapak/Ibu "&$D15&","&CHAR(10)&CHAR(10)&"Mohon maaf mengganggu waktunya. Saya dari Tim Teknis Armedia Net wilayah Gumelar ingin melakukan konfirmasi data pelanggan."&CHAR(10)&CHAR(10)&"ID Pelanggan: "&$B15&CHAR(10)&"Boleh dibantu konfirmasi RT/RW rumahnya?"&CHAR(10)&"RT: "&CHAR(10)&"RW: "&CHAR(10)&CHAR(10)&"Terima kasih banyak sebelumnya atas kerjasamanya.",CHAR(10),"%0A")," ","%20"),"Chat WA")) -> Chat WA | AA15: =IF($F15="","",HYPERLINK("https://wa.me/62"&MID($F15,2,LEN($F15)-1),"Chat WA")) -> Chat WA | AB15: =IF($F15="","",HYPERLINK("https://wa.me/62"&MID($F15,2,LEN($F15)-1)&"?text="&SUBSTITUTE(SUBSTITUTE("📄 *INVOICE TAGIHAN INTERNET*"&CHAR(10)&"ARMEDIA NET - Gumelar"&CHAR(10)&CHAR(10)&"No. Invoice: "&$B15&"/"&CHOOSE(MONTH(NOW()),"JAN","FEB","MAR","APR","MEI","JUN","JUL","AGU","SEP","OKT","NOV","DES")&YEAR(NOW())&CHAR(10)&"Tanggal: "&TEXT(NOW(),"DD/MM/YYYY")&CHAR(10)&CHAR(10)&"Pelanggan: "&$D15&CHAR(10)&"ID Pelanggan: "&$B15&CHAR(10)&CHAR(10)&"Rincian:"&CHAR(10)&"Paket Internet "&$M15&" Mbps"&CHAR(10)&"Rp"&TEXT($N15,"#,##0")&CHAR(10)&CHAR(10)&"TOTAL TAGIHAN: Rp"&TEXT($N15,"#,##0")&CHAR(10)&CHAR(10)&"Periode: "&CHOOSE(MONTH(NOW()),"Januari","Februari","Maret","April","Mei","Juni","Juli","Agustus","September","Oktober","November","Desember")&" "&YEAR(NOW())&CHAR(10)&CHAR(10)&"Mohon lakukan pembayaran dan konfirmasi setelah transfer. Terima kasih atas kerjasamanya."&CHAR(10)&CHAR(10)&"ARMEDIA NET - Gumelar",CHAR(10),"%0A")," ","%20"),"Kirim Invoice")) -> Kirim Invoice | AC15: =IF($F15="","",HYPERLINK("https://wa.me/62"&MID($F15,2,LEN($F15)-1)&"?text="&SUBSTITUTE(SUBSTITUTE("Selamat "&IF(HOUR(NOW())<11,"Pagi",IF(HOUR(NOW())<15,"Siang",IF(HOUR(NOW())<18,"Sore","Malam")))&" Bapak/Ibu "&$D15&","&CHAR(10)&CHAR(10)&"Mohon maaf mengganggu waktunya. Kami sedang melengkapi dokumentasi data pelanggan ARMEDIA Net."&CHAR(10)&CHAR(10)&"ID Pelanggan: "&$B15&CHAR(10)&"Mohon bantuannya kirim foto rumah tampak depan, dan share lokasi Google Maps rumahnya."&CHAR(10)&CHAR(10)&"Terima kasih banyak atas kerjasamanya.",CHAR(10),"%0A")," ","%20"),"Chat WA")) -> Chat WA | AD15: =IFERROR(VLOOKUP($Q15,'12_ONT_NEW'!$D:$G,4,FALSE()),"") | AH15: =IFERROR(IF($S15="","",DATE(YEAR(TODAY()),MONTH(TODAY()),DAY($S15))),"") -> 46218 | AI15: =IF($F15="","",HYPERLINK("https://wa.me/62"&MID($F15,2,LEN($F15)-1)&"?text="&SUBSTITUTE(SUBSTITUTE("Halo, mengingatkan tagihan yang akan jatuh tempo dalam beberapa hari 🙏"&CHAR(10)&CHAR(10)&"Yth. Bapak/Ibu "&$D15&CHAR(10)&CHAR(10)&"Invoice tagihan internet ARMEDIA Net:"&CHAR(10)&CHAR(10)&"ID Pelanggan: "&$B15&CHAR(10)&"No. Invoice: "&$B15&"-"&TEXT(TODAY(),"yymmdd")&CHAR(10)&"Layanan: Internet "&$M15&" Mbps"&CHAR(10)&"Harga Paket: Rp"&TEXT($N15,"#,##0")&CHAR(10)&"Periode: 1 Bulan"&CHAR(10)&"Jatuh Tempo: "&IF($AH15="","(tgl pasang belum diisi)",TEXT($AH15,"DD-")&CHOOSE(MONTH(TODAY()),"Jan","Feb","Mar","Apr","Mei","Jun","Jul","Agu","Sep","Okt","Nov","Des")&TEXT($AH15,"-YYYY"))&CHAR(10)&CHAR(10)&"Total Tagihan: Rp"&TEXT($N15,"#,##0")&CHAR(10)&CHAR(10)&"Pembayaran transfer ke:"&CHAR(10)&"Bank Mandiri"&CHAR(10)&"006-001-460711-7"&CHAR(10)&"a.n PT AKSES ARTHA MEDIA"&CHAR(10)&CHAR(10)&"Atau bayar tunai ke kantor ARMEDIA Net, Gumelar."&CHAR(10)&"Konfirmasi setelah transfer ya. Terima kasih."&CHAR(10)&CHAR(10)&"Salam, ARMEDIA Net - Gumelar",CHAR(10),"%0A")," ","%20"),"Kirim WA")) -> Kirim WA | AJ15: =IF($F15="","",HYPERLINK("https://wa.me/62"&MID($F15,2,LEN($F15)-1)&"?text="&SUBSTITUTE(SUBSTITUTE("Halo, tagihan internet Anda jatuh tempo HARI INI ya 🗓"&CHAR(10)&CHAR(10)&"Yth. Bapak/Ibu "&$D15&CHAR(10)&CHAR(10)&"Invoice tagihan internet ARMEDIA Net:"&CHAR(10)&CHAR(10)&"ID Pelanggan: "&$B15&CHAR(10)&"No. Invoice: "&$B15&"-"&TEXT(TODAY(),"yymmdd")&CHAR(10)&"Layanan: Internet "&$M15&" Mbps"&CHAR(10)&"Harga Paket: Rp"&TEXT($N15,"#,##0")&CHAR(10)&"Periode: 1 Bulan"&CHAR(10)&"Jatuh Tempo: "&IF($AH15="","(tgl pasang belum diisi)",TEXT($AH15,"DD-")&CHOOSE(MONTH(TODAY()),"Jan","Feb","Mar","Apr","Mei","Jun","Jul","Agu","Sep","Okt","Nov","Des")&TEXT($AH15,"-YYYY"))&CHAR(10)&CHAR(10)&"Total Tagihan: Rp"&TEXT($N15,"#,##0")&CHAR(10)&CHAR(10)&"Pembayaran transfer ke:"&CHAR(10)&"Bank Mandiri"&CHAR(10)&"006-001-460711-7"&CHAR(10)&"a.n PT AKSES ARTHA MEDIA"&CHAR(10)&CHAR(10)&"Atau bayar tunai ke kantor ARMEDIA Net, Gumelar."&CHAR(10)&"Konfirmasi setelah transfer ya. Terima kasih."&CHAR(10)&CHAR(10)&"Salam, ARMEDIA Net - Gumelar",CHAR(10),"%0A")," ","%20"),"Kirim WA")) -> Kirim WA | AK15: =IF($F15="","",HYPERLINK("https://wa.me/62"&MID($F15,2,LEN($F15)-1)&"?text="&SUBSTITUTE(SUBSTITUTE("Halo, tagihan internet Anda sudah MELEWATI jatuh tempo. Mohon segera diselesaikan agar layanan tidak terputus 🙏"&CHAR(10)&CHAR(10)&"Yth. Bapak/Ibu "&$D15&CHAR(10)&CHAR(10)&"Invoice tagihan internet ARMEDIA Net:"&CHAR(10)&CHAR(10)&"ID Pelanggan: "&$B15&CHAR(10)&"No. Invoice: "&$B15&"-"&TEXT(TODAY(),"yymmdd")&CHAR(10)&"Layanan: Internet "&$M15&" Mbps"&CHAR(10)&"Harga Paket: Rp"&TEXT($N15,"#,##0")&CHAR(10)&"Periode: 1 Bulan"&CHAR(10)&"Jatuh Tempo: "&IF($AH15="","(tgl pasang belum diisi)",TEXT($AH15,"DD-")&CHOOSE(MONTH(TODAY()),"Jan","Feb","Mar","Apr","Mei","Jun","Jul","Agu","Sep","Okt","Nov","Des")&TEXT($AH15,"-YYYY"))&CHAR(10)&CHAR(10)&"Total Tagihan: Rp"&TEXT($N15,"#,##0")&CHAR(10)&CHAR(10)&"Pembayaran transfer ke:"&CHAR(10)&"Bank Mandiri"&CHAR(10)&"006-001-460711-7"&CHAR(10)&"a.n PT AKSES ARTHA MEDIA"&CHAR(10)&CHAR(10)&"Atau bayar tunai ke kantor ARMEDIA Net, Gumelar."&CHAR(10)&"Konfirmasi setelah transfer ya. Terima kasih."&CHAR(10)&CHAR(10)&"Salam, ARMEDIA Net - Gumelar",CHAR(10),"%0A")," ","%20"),"Kirim WA")) -> Kirim WA | AL15: =IFERROR(IF(OR($S15="",$N15=""),"",ROUND((30-DAY($S15))*$N15/30,0)),"") -> 57500 | AM15: =IF($F15="","",HYPERLINK("https://wa.me/62"&MID($F15,2,LEN($F15)-1)&"?text="&SUBSTITUTE(SUBSTITUTE("Selamat datang di ARMEDIA Net, Bapak/Ibu "&$D15&"!"&CHAR(10)&CHAR(10)&"Terima kasih sudah bergabung. Berikut invoice TAGIHAN PERTAMA Anda:"&CHAR(10)&CHAR(10)&"ID Pelanggan: "&$B15&CHAR(10)&"Layanan: Internet "&$M15&" Mbps"&CHAR(10)&"Harga Normal: Rp"&TEXT($N15,"#,##0")&"/bulan"&CHAR(10)&"Tanggal Pasang: "&IF($S15="","-",TEXT($S15,"DD ")&CHOOSE(MONTH(TODAY()),"Jan","Feb","Mar","Apr","Mei","Jun","Jul","Agu","Sep","Okt","Nov","Des")&TEXT($S15,"-YYYY"))&CHAR(10)&CHAR(10)&"TAGIHAN BULAN PERTAMA (pro-rata):"&CHAR(10)&"Rp"&IF($AL15="","-",TEXT($AL15,"#,##0"))&CHAR(10)&CHAR(10)&"Kenapa beda dari harga normal? Karena tagihan bulan pertama dihitung dari tanggal pasang (bukan awal bulan). Bulan berikutnya sudah normal Rp"&TEXT($N15,"#,##0")&"."&CHAR(10)&CHAR(10)&"Pembayaran transfer ke:"&CHAR(10)&"Bank Mandiri"&CHAR(10)&"006-001-460711-7"&CHAR(10)&"a.n PT AKSES ARTHA MEDIA"&CHAR(10)&CHAR(10)&"Atau tunai ke kantor ARMEDIA Net, Gumelar."&CHAR(10)&"Konfirmasi setelah transfer ya. Terima kasih!"&CHAR(10)&CHAR(10)&"Salam, ARMEDIA Net - Gumelar",CHAR(10),"%0A")," ","%20"),"Kirim Invoice")) -> Kirim Invoice | AP15: =IF($M15="","",IFERROR(LOOKUP(9999,--LEFT($M15,ROW(INDIRECT("1:"&LEN($M15)))))&"M_UP","")) -> 2M_UP | AQ15: 1521
A16: =IF($D16="","",COUNTA($D$5:$D16)) -> 12 | B16: =IF($D16="","","ARM-"&TEXT(COUNTA($D$5:$D16),"0000")) -> ARM-0012 | C16: G-15226031509 | D16: MAMO | F16: 082314025409 | G16: Gumelar | H16: CIHONJE | I16: 4 | J16: 3 | K16: Banyumas | L16: AR-2 | M16: =IFERROR(VLOOKUP(L16, '4_Produk'!C:E, 2, FALSE()), "") -> 20 | N16: =IFERROR(VLOOKUP(L16, '4_Produk'!C:E, 3, FALSE()), "") -> 115000 | O16: 10.152.6.38 | P16: PG-1522602010 | Q16: HWTC072F1BEF | S16: 46096 | T16: 140 | U16: 1/1/3:4 | W16: Aktif | Z16: =IF($F16="","",HYPERLINK("https://wa.me/62"&MID($F16,2,LEN($F16)-1)&"?text="&SUBSTITUTE(SUBSTITUTE("Selamat "&IF(HOUR(NOW())<11,"Pagi",IF(HOUR(NOW())<15,"Siang",IF(HOUR(NOW())<18,"Sore","Malam")))&" Bapak/Ibu "&$D16&","&CHAR(10)&CHAR(10)&"Mohon maaf mengganggu waktunya. Saya dari Tim Teknis Armedia Net wilayah Gumelar ingin melakukan konfirmasi data pelanggan."&CHAR(10)&CHAR(10)&"ID Pelanggan: "&$B16&CHAR(10)&"Boleh dibantu konfirmasi RT/RW rumahnya?"&CHAR(10)&"RT: "&CHAR(10)&"RW: "&CHAR(10)&CHAR(10)&"Terima kasih banyak sebelumnya atas kerjasamanya.",CHAR(10),"%0A")," ","%20"),"Chat WA")) -> Chat WA | AA16: =IF($F16="","",HYPERLINK("https://wa.me/62"&MID($F16,2,LEN($F16)-1),"Chat WA")) -> Chat WA | AB16: =IF($F16="","",HYPERLINK("https://wa.me/62"&MID($F16,2,LEN($F16)-1)&"?text="&SUBSTITUTE(SUBSTITUTE("📄 *INVOICE TAGIHAN INTERNET*"&CHAR(10)&"ARMEDIA NET - Gumelar"&CHAR(10)&CHAR(10)&"No. Invoice: "&$B16&"/"&CHOOSE(MONTH(NOW()),"JAN","FEB","MAR","APR","MEI","JUN","JUL","AGU","SEP","OKT","NOV","DES")&YEAR(NOW())&CHAR(10)&"Tanggal: "&TEXT(NOW(),"DD/MM/YYYY")&CHAR(10)&CHAR(10)&"Pelanggan: "&$D16&CHAR(10)&"ID Pelanggan: "&$B16&CHAR(10)&CHAR(10)&"Rincian:"&CHAR(10)&"Paket Internet "&$M16&" Mbps"&CHAR(10)&"Rp"&TEXT($N16,"#,##0")&CHAR(10)&CHAR(10)&"TOTAL TAGIHAN: Rp"&TEXT($N16,"#,##0")&CHAR(10)&CHAR(10)&"Periode: "&CHOOSE(MONTH(NOW()),"Januari","Februari","Maret","April","Mei","Juni","Juli","Agustus","September","Oktober","November","Desember")&" "&YEAR(NOW())&CHAR(10)&CHAR(10)&"Mohon lakukan pembayaran dan konfirmasi setelah transfer. Terima kasih atas kerjasamanya."&CHAR(10)&CHAR(10)&"ARMEDIA NET - Gumelar",CHAR(10),"%0A")," ","%20"),"Kirim Invoice")) -> Kirim Invoice | AC16: =IF($F16="","",HYPERLINK("https://wa.me/62"&MID($F16,2,LEN($F16)-1)&"?text="&SUBSTITUTE(SUBSTITUTE("Selamat "&IF(HOUR(NOW())<11,"Pagi",IF(HOUR(NOW())<15,"Siang",IF(HOUR(NOW())<18,"Sore","Malam")))&" Bapak/Ibu "&$D16&","&CHAR(10)&CHAR(10)&"Mohon maaf mengganggu waktunya. Kami sedang melengkapi dokumentasi data pelanggan ARMEDIA Net."&CHAR(10)&CHAR(10)&"ID Pelanggan: "&$B16&CHAR(10)&"Mohon bantuannya kirim foto rumah tampak depan, dan share lokasi Google Maps rumahnya."&CHAR(10)&CHAR(10)&"Terima kasih banyak atas kerjasamanya.",CHAR(10),"%0A")," ","%20"),"Chat WA")) -> Chat WA | AD16: =IFERROR(VLOOKUP($Q16,'12_ONT_NEW'!$D:$G,4,FALSE()),"") | AH16: =IFERROR(IF($S16="","",DATE(YEAR(TODAY()),MONTH(TODAY()),DAY($S16))),"") -> 46218 | AI16: =IF($F16="","",HYPERLINK("https://wa.me/62"&MID($F16,2,LEN($F16)-1)&"?text="&SUBSTITUTE(SUBSTITUTE("Halo, mengingatkan tagihan yang akan jatuh tempo dalam beberapa hari 🙏"&CHAR(10)&CHAR(10)&"Yth. Bapak/Ibu "&$D16&CHAR(10)&CHAR(10)&"Invoice tagihan internet ARMEDIA Net:"&CHAR(10)&CHAR(10)&"ID Pelanggan: "&$B16&CHAR(10)&"No. Invoice: "&$B16&"-"&TEXT(TODAY(),"yymmdd")&CHAR(10)&"Layanan: Internet "&$M16&" Mbps"&CHAR(10)&"Harga Paket: Rp"&TEXT($N16,"#,##0")&CHAR(10)&"Periode: 1 Bulan"&CHAR(10)&"Jatuh Tempo: "&IF($AH16="","(tgl pasang belum diisi)",TEXT($AH16,"DD-")&CHOOSE(MONTH(TODAY()),"Jan","Feb","Mar","Apr","Mei","Jun","Jul","Agu","Sep","Okt","Nov","Des")&TEXT($AH16,"-YYYY"))&CHAR(10)&CHAR(10)&"Total Tagihan: Rp"&TEXT($N16,"#,##0")&CHAR(10)&CHAR(10)&"Pembayaran transfer ke:"&CHAR(10)&"Bank Mandiri"&CHAR(10)&"006-001-460711-7"&CHAR(10)&"a.n PT AKSES ARTHA MEDIA"&CHAR(10)&CHAR(10)&"Atau bayar tunai ke kantor ARMEDIA Net, Gumelar."&CHAR(10)&"Konfirmasi setelah transfer ya. Terima kasih."&CHAR(10)&CHAR(10)&"Salam, ARMEDIA Net - Gumelar",CHAR(10),"%0A")," ","%20"),"Kirim WA")) -> Kirim WA | AJ16: =IF($F16="","",HYPERLINK("https://wa.me/62"&MID($F16,2,LEN($F16)-1)&"?text="&SUBSTITUTE(SUBSTITUTE("Halo, tagihan internet Anda jatuh tempo HARI INI ya 🗓"&CHAR(10)&CHAR(10)&"Yth. Bapak/Ibu "&$D16&CHAR(10)&CHAR(10)&"Invoice tagihan internet ARMEDIA Net:"&CHAR(10)&CHAR(10)&"ID Pelanggan: "&$B16&CHAR(10)&"No. Invoice: "&$B16&"-"&TEXT(TODAY(),"yymmdd")&CHAR(10)&"Layanan: Internet "&$M16&" Mbps"&CHAR(10)&"Harga Paket: Rp"&TEXT($N16,"#,##0")&CHAR(10)&"Periode: 1 Bulan"&CHAR(10)&"Jatuh Tempo: "&IF($AH16="","(tgl pasang belum diisi)",TEXT($AH16,"DD-")&CHOOSE(MONTH(TODAY()),"Jan","Feb","Mar","Apr","Mei","Jun","Jul","Agu","Sep","Okt","Nov","Des")&TEXT($AH16,"-YYYY"))&CHAR(10)&CHAR(10)&"Total Tagihan: Rp"&TEXT($N16,"#,##0")&CHAR(10)&CHAR(10)&"Pembayaran transfer ke:"&CHAR(10)&"Bank Mandiri"&CHAR(10)&"006-001-460711-7"&CHAR(10)&"a.n PT AKSES ARTHA MEDIA"&CHAR(10)&CHAR(10)&"Atau bayar tunai ke kantor ARMEDIA Net, Gumelar."&CHAR(10)&"Konfirmasi setelah transfer ya. Terima kasih."&CHAR(10)&CHAR(10)&"Salam, ARMEDIA Net - Gumelar",CHAR(10),"%0A")," ","%20"),"Kirim WA")) -> Kirim WA | AK16: =IF($F16="","",HYPERLINK("https://wa.me/62"&MID($F16,2,LEN($F16)-1)&"?text="&SUBSTITUTE(SUBSTITUTE("Halo, tagihan internet Anda sudah MELEWATI jatuh tempo. Mohon segera diselesaikan agar layanan tidak terputus 🙏"&CHAR(10)&CHAR(10)&"Yth. Bapak/Ibu "&$D16&CHAR(10)&CHAR(10)&"Invoice tagihan internet ARMEDIA Net:"&CHAR(10)&CHAR(10)&"ID Pelanggan: "&$B16&CHAR(10)&"No. Invoice: "&$B16&"-"&TEXT(TODAY(),"yymmdd")&CHAR(10)&"Layanan: Internet "&$M16&" Mbps"&CHAR(10)&"Harga Paket: Rp"&TEXT($N16,"#,##0")&CHAR(10)&"Periode: 1 Bulan"&CHAR(10)&"Jatuh Tempo: "&IF($AH16="","(tgl pasang belum diisi)",TEXT($AH16,"DD-")&CHOOSE(MONTH(TODAY()),"Jan","Feb","Mar","Apr","Mei","Jun","Jul","Agu","Sep","Okt","Nov","Des")&TEXT($AH16,"-YYYY"))&CHAR(10)&CHAR(10)&"Total Tagihan: Rp"&TEXT($N16,"#,##0")&CHAR(10)&CHAR(10)&"Pembayaran transfer ke:"&CHAR(10)&"Bank Mandiri"&CHAR(10)&"006-001-460711-7"&CHAR(10)&"a.n PT AKSES ARTHA MEDIA"&CHAR(10)&CHAR(10)&"Atau bayar tunai ke kantor ARMEDIA Net, Gumelar."&CHAR(10)&"Konfirmasi setelah transfer ya. Terima kasih."&CHAR(10)&CHAR(10)&"Salam, ARMEDIA Net - Gumelar",CHAR(10),"%0A")," ","%20"),"Kirim WA")) -> Kirim WA | AL16: =IFERROR(IF(OR($S16="",$N16=""),"",ROUND((30-DAY($S16))*$N16/30,0)),"") -> 57500 | AM16: =IF($F16="","",HYPERLINK("https://wa.me/62"&MID($F16,2,LEN($F16)-1)&"?text="&SUBSTITUTE(SUBSTITUTE("Selamat datang di ARMEDIA Net, Bapak/Ibu "&$D16&"!"&CHAR(10)&CHAR(10)&"Terima kasih sudah bergabung. Berikut invoice TAGIHAN PERTAMA Anda:"&CHAR(10)&CHAR(10)&"ID Pelanggan: "&$B16&CHAR(10)&"Layanan: Internet "&$M16&" Mbps"&CHAR(10)&"Harga Normal: Rp"&TEXT($N16,"#,##0")&"/bulan"&CHAR(10)&"Tanggal Pasang: "&IF($S16="","-",TEXT($S16,"DD ")&CHOOSE(MONTH(TODAY()),"Jan","Feb","Mar","Apr","Mei","Jun","Jul","Agu","Sep","Okt","Nov","Des")&TEXT($S16,"-YYYY"))&CHAR(10)&CHAR(10)&"TAGIHAN BULAN PERTAMA (pro-rata):"&CHAR(10)&"Rp"&IF($AL16="","-",TEXT($AL16,"#,##0"))&CHAR(10)&CHAR(10)&"Kenapa beda dari harga normal? Karena tagihan bulan pertama dihitung dari tanggal pasang (bukan awal bulan). Bulan berikutnya sudah normal Rp"&TEXT($N16,"#,##0")&"."&CHAR(10)&CHAR(10)&"Pembayaran transfer ke:"&CHAR(10)&"Bank Mandiri"&CHAR(10)&"006-001-460711-7"&CHAR(10)&"a.n PT AKSES ARTHA MEDIA"&CHAR(10)&CHAR(10)&"Atau tunai ke kantor ARMEDIA Net, Gumelar."&CHAR(10)&"Konfirmasi setelah transfer ya. Terima kasih!"&CHAR(10)&CHAR(10)&"Salam, ARMEDIA Net - Gumelar",CHAR(10),"%0A")," ","%20"),"Kirim Invoice")) -> Kirim Invoice | AP16: =IF($M16="","",IFERROR(LOOKUP(9999,--LEFT($M16,ROW(INDIRECT("1:"&LEN($M16)))))&"M_UP","")) -> 2M_UP | AQ16: 1521
A17: =IF($D17="","",COUNTA($D$5:$D17)) -> 13 | B17: =IF($D17="","","ARM-"&TEXT(COUNTA($D$5:$D17),"0000")) -> ARM-0013 | C17: G-15226031510 | D17: NURAISYIAH HARAHAP | E17: 1272036005720001 | F17: 088988308850 | G17: Gumelar | H17: CIHONJE | I17: 4 | J17: 3 | K17: Banyumas | L17: AR-2 | M17: =IFERROR(VLOOKUP(L17, '4_Produk'!C:E, 2, FALSE()), "") -> 20 | N17: =IFERROR(VLOOKUP(L17, '4_Produk'!C:E, 3, FALSE()), "") -> 115000 | O17: 10.152.6.34 | P17: PG-1522602011 | Q17: HWTC072EFDBF | S17: 46096 | T17: 70 | U17: 1/1/3:6 | W17: Aktif | Z17: =IF($F17="","",HYPERLINK("https://wa.me/62"&MID($F17,2,LEN($F17)-1)&"?text="&SUBSTITUTE(SUBSTITUTE("Selamat "&IF(HOUR(NOW())<11,"Pagi",IF(HOUR(NOW())<15,"Siang",IF(HOUR(NOW())<18,"Sore","Malam")))&" Bapak/Ibu "&$D17&","&CHAR(10)&CHAR(10)&"Mohon maaf mengganggu waktunya. Saya dari Tim Teknis Armedia Net wilayah Gumelar ingin melakukan konfirmasi data pelanggan."&CHAR(10)&CHAR(10)&"ID Pelanggan: "&$B17&CHAR(10)&"Boleh dibantu konfirmasi RT/RW rumahnya?"&CHAR(10)&"RT: "&CHAR(10)&"RW: "&CHAR(10)&CHAR(10)&"Terima kasih banyak sebelumnya atas kerjasamanya.",CHAR(10),"%0A")," ","%20"),"Chat WA")) -> Chat WA | AA17: =IF($F17="","",HYPERLINK("https://wa.me/62"&MID($F17,2,LEN($F17)-1),"Chat WA")) -> Chat WA | AB17: =IF($F17="","",HYPERLINK("https://wa.me/62"&MID($F17,2,LEN($F17)-1)&"?text="&SUBSTITUTE(SUBSTITUTE("📄 *INVOICE TAGIHAN INTERNET*"&CHAR(10)&"ARMEDIA NET - Gumelar"&CHAR(10)&CHAR(10)&"No. Invoice: "&$B17&"/"&CHOOSE(MONTH(NOW()),"JAN","FEB","MAR","APR","MEI","JUN","JUL","AGU","SEP","OKT","NOV","DES")&YEAR(NOW())&CHAR(10)&"Tanggal: "&TEXT(NOW(),"DD/MM/YYYY")&CHAR(10)&CHAR(10)&"Pelanggan: "&$D17&CHAR(10)&"ID Pelanggan: "&$B17&CHAR(10)&CHAR(10)&"Rincian:"&CHAR(10)&"Paket Internet "&$M17&" Mbps"&CHAR(10)&"Rp"&TEXT($N17,"#,##0")&CHAR(10)&CHAR(10)&"TOTAL TAGIHAN: Rp"&TEXT($N17,"#,##0")&CHAR(10)&CHAR(10)&"Periode: "&CHOOSE(MONTH(NOW()),"Januari","Februari","Maret","April","Mei","Juni","Juli","Agustus","September","Oktober","November","Desember")&" "&YEAR(NOW())&CHAR(10)&CHAR(10)&"Mohon lakukan pembayaran dan konfirmasi setelah transfer. Terima kasih atas kerjasamanya."&CHAR(10)&CHAR(10)&"ARMEDIA NET - Gumelar",CHAR(10),"%0A")," ","%20"),"Kirim Invoice")) -> Kirim Invoice | AC17: =IF($F17="","",HYPERLINK("https://wa.me/62"&MID($F17,2,LEN($F17)-1)&"?text="&SUBSTITUTE(SUBSTITUTE("Selamat "&IF(HOUR(NOW())<11,"Pagi",IF(HOUR(NOW())<15,"Siang",IF(HOUR(NOW())<18,"Sore","Malam")))&" Bapak/Ibu "&$D17&","&CHAR(10)&CHAR(10)&"Mohon maaf mengganggu waktunya. Kami sedang melengkapi dokumentasi data pelanggan ARMEDIA Net."&CHAR(10)&CHAR(10)&"ID Pelanggan: "&$B17&CHAR(10)&"Mohon bantuannya kirim foto rumah tampak depan, dan share lokasi Google Maps rumahnya."&CHAR(10)&CHAR(10)&"Terima kasih banyak atas kerjasamanya.",CHAR(10),"%0A")," ","%20"),"Chat WA")) -> Chat WA | AD17: =IFERROR(VLOOKUP($Q17,'12_ONT_NEW'!$D:$G,4,FALSE()),"") | AH17: =IFERROR(IF($S17="","",DATE(YEAR(TODAY()),MONTH(TODAY()),DAY($S17))),"") -> 46218 | AI17: =IF($F17="","",HYPERLINK("https://wa.me/62"&MID($F17,2,LEN($F17)-1)&"?text="&SUBSTITUTE(SUBSTITUTE("Halo, mengingatkan tagihan yang akan jatuh tempo dalam beberapa hari 🙏"&CHAR(10)&CHAR(10)&"Yth. Bapak/Ibu "&$D17&CHAR(10)&CHAR(10)&"Invoice tagihan internet ARMEDIA Net:"&CHAR(10)&CHAR(10)&"ID Pelanggan: "&$B17&CHAR(10)&"No. Invoice: "&$B17&"-"&TEXT(TODAY(),"yymmdd")&CHAR(10)&"Layanan: Internet "&$M17&" Mbps"&CHAR(10)&"Harga Paket: Rp"&TEXT($N17,"#,##0")&CHAR(10)&"Periode: 1 Bulan"&CHAR(10)&"Jatuh Tempo: "&IF($AH17="","(tgl pasang belum diisi)",TEXT($AH17,"DD-")&CHOOSE(MONTH(TODAY()),"Jan","Feb","Mar","Apr","Mei","Jun","Jul","Agu","Sep","Okt","Nov","Des")&TEXT($AH17,"-YYYY"))&CHAR(10)&CHAR(10)&"Total Tagihan: Rp"&TEXT($N17,"#,##0")&CHAR(10)&CHAR(10)&"Pembayaran transfer ke:"&CHAR(10)&"Bank Mandiri"&CHAR(10)&"006-001-460711-7"&CHAR(10)&"a.n PT AKSES ARTHA MEDIA"&CHAR(10)&CHAR(10)&"Atau bayar tunai ke kantor ARMEDIA Net, Gumelar."&CHAR(10)&"Konfirmasi setelah transfer ya. Terima kasih."&CHAR(10)&CHAR(10)&"Salam, ARMEDIA Net - Gumelar",CHAR(10),"%0A")," ","%20"),"Kirim WA")) -> Kirim WA | AJ17: =IF($F17="","",HYPERLINK("https://wa.me/62"&MID($F17,2,LEN($F17)-1)&"?text="&SUBSTITUTE(SUBSTITUTE("Halo, tagihan internet Anda jatuh tempo HARI INI ya 🗓"&CHAR(10)&CHAR(10)&"Yth. Bapak/Ibu "&$D17&CHAR(10)&CHAR(10)&"Invoice tagihan internet ARMEDIA Net:"&CHAR(10)&CHAR(10)&"ID Pelanggan: "&$B17&CHAR(10)&"No. Invoice: "&$B17&"-"&TEXT(TODAY(),"yymmdd")&CHAR(10)&"Layanan: Internet "&$M17&" Mbps"&CHAR(10)&"Harga Paket: Rp"&TEXT($N17,"#,##0")&CHAR(10)&"Periode: 1 Bulan"&CHAR(10)&"Jatuh Tempo: "&IF($AH17="","(tgl pasang belum diisi)",TEXT($AH17,"DD-")&CHOOSE(MONTH(TODAY()),"Jan","Feb","Mar","Apr","Mei","Jun","Jul","Agu","Sep","Okt","Nov","Des")&TEXT($AH17,"-YYYY"))&CHAR(10)&CHAR(10)&"Total Tagihan: Rp"&TEXT($N17,"#,##0")&CHAR(10)&CHAR(10)&"Pembayaran transfer ke:"&CHAR(10)&"Bank Mandiri"&CHAR(10)&"006-001-460711-7"&CHAR(10)&"a.n PT AKSES ARTHA MEDIA"&CHAR(10)&CHAR(10)&"Atau bayar tunai ke kantor ARMEDIA Net, Gumelar."&CHAR(10)&"Konfirmasi setelah transfer ya. Terima kasih."&CHAR(10)&CHAR(10)&"Salam, ARMEDIA Net - Gumelar",CHAR(10),"%0A")," ","%20"),"Kirim WA")) -> Kirim WA | AK17: =IF($F17="","",HYPERLINK("https://wa.me/62"&MID($F17,2,LEN($F17)-1)&"?text="&SUBSTITUTE(SUBSTITUTE("Halo, tagihan internet Anda sudah MELEWATI jatuh tempo. Mohon segera diselesaikan agar layanan tidak terputus 🙏"&CHAR(10)&CHAR(10)&"Yth. Bapak/Ibu "&$D17&CHAR(10)&CHAR(10)&"Invoice tagihan internet ARMEDIA Net:"&CHAR(10)&CHAR(10)&"ID Pelanggan: "&$B17&CHAR(10)&"No. Invoice: "&$B17&"-"&TEXT(TODAY(),"yymmdd")&CHAR(10)&"Layanan: Internet "&$M17&" Mbps"&CHAR(10)&"Harga Paket: Rp"&TEXT($N17,"#,##0")&CHAR(10)&"Periode: 1 Bulan"&CHAR(10)&"Jatuh Tempo: "&IF($AH17="","(tgl pasang belum diisi)",TEXT($AH17,"DD-")&CHOOSE(MONTH(TODAY()),"Jan","Feb","Mar","Apr","Mei","Jun","Jul","Agu","Sep","Okt","Nov","Des")&TEXT($AH17,"-YYYY"))&CHAR(10)&CHAR(10)&"Total Tagihan: Rp"&TEXT($N17,"#,##0")&CHAR(10)&CHAR(10)&"Pembayaran transfer ke:"&CHAR(10)&"Bank Mandiri"&CHAR(10)&"006-001-460711-7"&CHAR(10)&"a.n PT AKSES ARTHA MEDIA"&CHAR(10)&CHAR(10)&"Atau bayar tunai ke kantor ARMEDIA Net, Gumelar."&CHAR(10)&"Konfirmasi setelah transfer ya. Terima kasih."&CHAR(10)&CHAR(10)&"Salam, ARMEDIA Net - Gumelar",CHAR(10),"%0A")," ","%20"),"Kirim WA")) -> Kirim WA | AL17: =IFERROR(IF(OR($S17="",$N17=""),"",ROUND((30-DAY($S17))*$N17/30,0)),"") -> 57500 | AM17: =IF($F17="","",HYPERLINK("https://wa.me/62"&MID($F17,2,LEN($F17)-1)&"?text="&SUBSTITUTE(SUBSTITUTE("Selamat datang di ARMEDIA Net, Bapak/Ibu "&$D17&"!"&CHAR(10)&CHAR(10)&"Terima kasih sudah bergabung. Berikut invoice TAGIHAN PERTAMA Anda:"&CHAR(10)&CHAR(10)&"ID Pelanggan: "&$B17&CHAR(10)&"Layanan: Internet "&$M17&" Mbps"&CHAR(10)&"Harga Normal: Rp"&TEXT($N17,"#,##0")&"/bulan"&CHAR(10)&"Tanggal Pasang: "&IF($S17="","-",TEXT($S17,"DD ")&CHOOSE(MONTH(TODAY()),"Jan","Feb","Mar","Apr","Mei","Jun","Jul","Agu","Sep","Okt","Nov","Des")&TEXT($S17,"-YYYY"))&CHAR(10)&CHAR(10)&"TAGIHAN BULAN PERTAMA (pro-rata):"&CHAR(10)&"Rp"&IF($AL17="","-",TEXT($AL17,"#,##0"))&CHAR(10)&CHAR(10)&"Kenapa beda dari harga normal? Karena tagihan bulan pertama dihitung dari tanggal pasang (bukan awal bulan). Bulan berikutnya sudah normal Rp"&TEXT($N17,"#,##0")&"."&CHAR(10)&CHAR(10)&"Pembayaran transfer ke:"&CHAR(10)&"Bank Mandiri"&CHAR(10)&"006-001-460711-7"&CHAR(10)&"a.n PT AKSES ARTHA MEDIA"&CHAR(10)&CHAR(10)&"Atau tunai ke kantor ARMEDIA Net, Gumelar."&CHAR(10)&"Konfirmasi setelah transfer ya. Terima kasih!"&CHAR(10)&CHAR(10)&"Salam, ARMEDIA Net - Gumelar",CHAR(10),"%0A")," ","%20"),"Kirim Invoice")) -> Kirim Invoice | AP17: =IF($M17="","",IFERROR(LOOKUP(9999,--LEFT($M17,ROW(INDIRECT("1:"&LEN($M17)))))&"M_UP","")) -> 2M_UP | AQ17: 1521
A18: =IF($D18="","",COUNTA($D$5:$D18)) -> 14 | B18: =IF($D18="","","ARM-"&TEXT(COUNTA($D$5:$D18),"0000")) -> ARM-0014 | C18: G-15226031511 | D18: DIARJO | E18: 3302150702590001 | F18: 082328747500 | G18: Gumelar | H18: CIHONJE | I18: 4 | J18: 3 | K18: Banyumas | L18: AR-2 | M18: =IFERROR(VLOOKUP(L18, '4_Produk'!C:E, 2, FALSE()), "") -> 20 | N18: =IFERROR(VLOOKUP(L18, '4_Produk'!C:E, 3, FALSE()), "") -> 115000 | O18: 10.152.6.42 | P18: PG-1522602012 | Q18: HWTC072F1F8F | S18: 46096 | T18: 100 | U18: 1/1/3:3 | W18: Aktif | Z18: =IF($F18="","",HYPERLINK("https://wa.me/62"&MID($F18,2,LEN($F18)-1)&"?text="&SUBSTITUTE(SUBSTITUTE("Selamat "&IF(HOUR(NOW())<11,"Pagi",IF(HOUR(NOW())<15,"Siang",IF(HOUR(NOW())<18,"Sore","Malam")))&" Bapak/Ibu "&$D18&","&CHAR(10)&CHAR(10)&"Mohon maaf mengganggu waktunya. Saya dari Tim Teknis Armedia Net wilayah Gumelar ingin melakukan konfirmasi data pelanggan."&CHAR(10)&CHAR(10)&"ID Pelanggan: "&$B18&CHAR(10)&"Boleh dibantu konfirmasi RT/RW rumahnya?"&CHAR(10)&"RT: "&CHAR(10)&"RW: "&CHAR(10)&CHAR(10)&"Terima kasih banyak sebelumnya atas kerjasamanya.",CHAR(10),"%0A")," ","%20"),"Chat WA")) -> Chat WA | AA18: =IF($F18="","",HYPERLINK("https://wa.me/62"&MID($F18,2,LEN($F18)-1),"Chat WA")) -> Chat WA | AB18: =IF($F18="","",HYPERLINK("https://wa.me/62"&MID($F18,2,LEN($F18)-1)&"?text="&SUBSTITUTE(SUBSTITUTE("📄 *INVOICE TAGIHAN INTERNET*"&CHAR(10)&"ARMEDIA NET - Gumelar"&CHAR(10)&CHAR(10)&"No. Invoice: "&$B18&"/"&CHOOSE(MONTH(NOW()),"JAN","FEB","MAR","APR","MEI","JUN","JUL","AGU","SEP","OKT","NOV","DES")&YEAR(NOW())&CHAR(10)&"Tanggal: "&TEXT(NOW(),"DD/MM/YYYY")&CHAR(10)&CHAR(10)&"Pelanggan: "&$D18&CHAR(10)&"ID Pelanggan: "&$B18&CHAR(10)&CHAR(10)&"Rincian:"&CHAR(10)&"Paket Internet "&$M18&" Mbps"&CHAR(10)&"Rp"&TEXT($N18,"#,##0")&CHAR(10)&CHAR(10)&"TOTAL TAGIHAN: Rp"&TEXT($N18,"#,##0")&CHAR(10)&CHAR(10)&"Periode: "&CHOOSE(MONTH(NOW()),"Januari","Februari","Maret","April","Mei","Juni","Juli","Agustus","September","Oktober","November","Desember")&" "&YEAR(NOW())&CHAR(10)&CHAR(10)&"Mohon lakukan pembayaran dan konfirmasi setelah transfer. Terima kasih atas kerjasamanya."&CHAR(10)&CHAR(10)&"ARMEDIA NET - Gumelar",CHAR(10),"%0A")," ","%20"),"Kirim Invoice")) -> Kirim Invoice | AC18: =IF($F18="","",HYPERLINK("https://wa.me/62"&MID($F18,2,LEN($F18)-1)&"?text="&SUBSTITUTE(SUBSTITUTE("Selamat "&IF(HOUR(NOW())<11,"Pagi",IF(HOUR(NOW())<15,"Siang",IF(HOUR(NOW())<18,"Sore","Malam")))&" Bapak/Ibu "&$D18&","&CHAR(10)&CHAR(10)&"Mohon maaf mengganggu waktunya. Kami sedang melengkapi dokumentasi data pelanggan ARMEDIA Net."&CHAR(10)&CHAR(10)&"ID Pelanggan: "&$B18&CHAR(10)&"Mohon bantuannya kirim foto rumah tampak depan, dan share lokasi Google Maps rumahnya."&CHAR(10)&CHAR(10)&"Terima kasih banyak atas kerjasamanya.",CHAR(10),"%0A")," ","%20"),"Chat WA")) -> Chat WA | AD18: =IFERROR(VLOOKUP($Q18,'12_ONT_NEW'!$D:$G,4,FALSE()),"") | AH18: =IFERROR(IF($S18="","",DATE(YEAR(TODAY()),MONTH(TODAY()),DAY($S18))),"") -> 46218 | AI18: =IF($F18="","",HYPERLINK("https://wa.me/62"&MID($F18,2,LEN($F18)-1)&"?text="&SUBSTITUTE(SUBSTITUTE("Halo, mengingatkan tagihan yang akan jatuh tempo dalam beberapa hari 🙏"&CHAR(10)&CHAR(10)&"Yth. Bapak/Ibu "&$D18&CHAR(10)&CHAR(10)&"Invoice tagihan internet ARMEDIA Net:"&CHAR(10)&CHAR(10)&"ID Pelanggan: "&$B18&CHAR(10)&"No. Invoice: "&$B18&"-"&TEXT(TODAY(),"yymmdd")&CHAR(10)&"Layanan: Internet "&$M18&" Mbps"&CHAR(10)&"Harga Paket: Rp"&TEXT($N18,"#,##0")&CHAR(10)&"Periode: 1 Bulan"&CHAR(10)&"Jatuh Tempo: "&IF($AH18="","(tgl pasang belum diisi)",TEXT($AH18,"DD-")&CHOOSE(MONTH(TODAY()),"Jan","Feb","Mar","Apr","Mei","Jun","Jul","Agu","Sep","Okt","Nov","Des")&TEXT($AH18,"-YYYY"))&CHAR(10)&CHAR(10)&"Total Tagihan: Rp"&TEXT($N18,"#,##0")&CHAR(10)&CHAR(10)&"Pembayaran transfer ke:"&CHAR(10)&"Bank Mandiri"&CHAR(10)&"006-001-460711-7"&CHAR(10)&"a.n PT AKSES ARTHA MEDIA"&CHAR(10)&CHAR(10)&"Atau bayar tunai ke kantor ARMEDIA Net, Gumelar."&CHAR(10)&"Konfirmasi setelah transfer ya. Terima kasih."&CHAR(10)&CHAR(10)&"Salam, ARMEDIA Net - Gumelar",CHAR(10),"%0A")," ","%20"),"Kirim WA")) -> Kirim WA | AJ18: =IF($F18="","",HYPERLINK("https://wa.me/62"&MID($F18,2,LEN($F18)-1)&"?text="&SUBSTITUTE(SUBSTITUTE("Halo, tagihan internet Anda jatuh tempo HARI INI ya 🗓"&CHAR(10)&CHAR(10)&"Yth. Bapak/Ibu "&$D18&CHAR(10)&CHAR(10)&"Invoice tagihan internet ARMEDIA Net:"&CHAR(10)&CHAR(10)&"ID Pelanggan: "&$B18&CHAR(10)&"No. Invoice: "&$B18&"-"&TEXT(TODAY(),"yymmdd")&CHAR(10)&"Layanan: Internet "&$M18&" Mbps"&CHAR(10)&"Harga Paket: Rp"&TEXT($N18,"#,##0")&CHAR(10)&"Periode: 1 Bulan"&CHAR(10)&"Jatuh Tempo: "&IF($AH18="","(tgl pasang belum diisi)",TEXT($AH18,"DD-")&CHOOSE(MONTH(TODAY()),"Jan","Feb","Mar","Apr","Mei","Jun","Jul","Agu","Sep","Okt","Nov","Des")&TEXT($AH18,"-YYYY"))&CHAR(10)&CHAR(10)&"Total Tagihan: Rp"&TEXT($N18,"#,##0")&CHAR(10)&CHAR(10)&"Pembayaran transfer ke:"&CHAR(10)&"Bank Mandiri"&CHAR(10)&"006-001-460711-7"&CHAR(10)&"a.n PT AKSES ARTHA MEDIA"&CHAR(10)&CHAR(10)&"Atau bayar tunai ke kantor ARMEDIA Net, Gumelar."&CHAR(10)&"Konfirmasi setelah transfer ya. Terima kasih."&CHAR(10)&CHAR(10)&"Salam, ARMEDIA Net - Gumelar",CHAR(10),"%0A")," ","%20"),"Kirim WA")) -> Kirim WA | AK18: =IF($F18="","",HYPERLINK("https://wa.me/62"&MID($F18,2,LEN($F18)-1)&"?text="&SUBSTITUTE(SUBSTITUTE("Halo, tagihan internet Anda sudah MELEWATI jatuh tempo. Mohon segera diselesaikan agar layanan tidak terputus 🙏"&CHAR(10)&CHAR(10)&"Yth. Bapak/Ibu "&$D18&CHAR(10)&CHAR(10)&"Invoice tagihan internet ARMEDIA Net:"&CHAR(10)&CHAR(10)&"ID Pelanggan: "&$B18&CHAR(10)&"No. Invoice: "&$B18&"-"&TEXT(TODAY(),"yymmdd")&CHAR(10)&"Layanan: Internet "&$M18&" Mbps"&CHAR(10)&"Harga Paket: Rp"&TEXT($N18,"#,##0")&CHAR(10)&"Periode: 1 Bulan"&CHAR(10)&"Jatuh Tempo: "&IF($AH18="","(tgl pasang belum diisi)",TEXT($AH18,"DD-")&CHOOSE(MONTH(TODAY()),"Jan","Feb","Mar","Apr","Mei","Jun","Jul","Agu","Sep","Okt","Nov","Des")&TEXT($AH18,"-YYYY"))&CHAR(10)&CHAR(10)&"Total Tagihan: Rp"&TEXT($N18,"#,##0")&CHAR(10)&CHAR(10)&"Pembayaran transfer ke:"&CHAR(10)&"Bank Mandiri"&CHAR(10)&"006-001-460711-7"&CHAR(10)&"a.n PT AKSES ARTHA MEDIA"&CHAR(10)&CHAR(10)&"Atau bayar tunai ke kantor ARMEDIA Net, Gumelar."&CHAR(10)&"Konfirmasi setelah transfer ya. Terima kasih."&CHAR(10)&CHAR(10)&"Salam, ARMEDIA Net - Gumelar",CHAR(10),"%0A")," ","%20"),"Kirim WA")) -> Kirim WA | AL18: =IFERROR(IF(OR($S18="",$N18=""),"",ROUND((30-DAY($S18))*$N18/30,0)),"") -> 57500 | AM18: =IF($F18="","",HYPERLINK("https://wa.me/62"&MID($F18,2,LEN($F18)-1)&"?text="&SUBSTITUTE(SUBSTITUTE("Selamat datang di ARMEDIA Net, Bapak/Ibu "&$D18&"!"&CHAR(10)&CHAR(10)&"Terima kasih sudah bergabung. Berikut invoice TAGIHAN PERTAMA Anda:"&CHAR(10)&CHAR(10)&"ID Pelanggan: "&$B18&CHAR(10)&"Layanan: Internet "&$M18&" Mbps"&CHAR(10)&"Harga Normal: Rp"&TEXT($N18,"#,##0")&"/bulan"&CHAR(10)&"Tanggal Pasang: "&IF($S18="","-",TEXT($S18,"DD ")&CHOOSE(MONTH(TODAY()),"Jan","Feb","Mar","Apr","Mei","Jun","Jul","Agu","Sep","Okt","Nov","Des")&TEXT($S18,"-YYYY"))&CHAR(10)&CHAR(10)&"TAGIHAN BULAN PERTAMA (pro-rata):"&CHAR(10)&"Rp"&IF($AL18="","-",TEXT($AL18,"#,##0"))&CHAR(10)&CHAR(10)&"Kenapa beda dari harga normal? Karena tagihan bulan pertama dihitung dari tanggal pasang (bukan awal bulan). Bulan berikutnya sudah normal Rp"&TEXT($N18,"#,##0")&"."&CHAR(10)&CHAR(10)&"Pembayaran transfer ke:"&CHAR(10)&"Bank Mandiri"&CHAR(10)&"006-001-460711-7"&CHAR(10)&"a.n PT AKSES ARTHA MEDIA"&CHAR(10)&CHAR(10)&"Atau tunai ke kantor ARMEDIA Net, Gumelar."&CHAR(10)&"Konfirmasi setelah transfer ya. Terima kasih!"&CHAR(10)&CHAR(10)&"Salam, ARMEDIA Net - Gumelar",CHAR(10),"%0A")," ","%20"),"Kirim Invoice")) -> Kirim Invoice | AP18: =IF($M18="","",IFERROR(LOOKUP(9999,--LEFT($M18,ROW(INDIRECT("1:"&LEN($M18)))))&"M_UP","")) -> 2M_UP | AQ18: 1521
A19: =IF($D19="","",COUNTA($D$5:$D19)) -> 15 | B19: =IF($D19="","","ARM-"&TEXT(COUNTA($D$5:$D19),"0000")) -> ARM-0015 | C19: G-15226031512 | D19: DARIKEM | E19: 3302154808710001 | F19: 081330572154 | G19: Gumelar | H19: CIHONJE | I19: 4 | J19: 3 | K19: Banyumas | L19: AR-2 | M19: =IFERROR(VLOOKUP(L19, '4_Produk'!C:E, 2, FALSE()), "") -> 20 | N19: =IFERROR(VLOOKUP(L19, '4_Produk'!C:E, 3, FALSE()), "") -> 115000 | O19: 10.152.6.62 | P19: PG-1522602013 | Q19: ZXIC074F3B1F | S19: 46096 | T19: 180 | U19: 1/1/3:9 | W19: Aktif | Z19: =IF($F19="","",HYPERLINK("https://wa.me/62"&MID($F19,2,LEN($F19)-1)&"?text="&SUBSTITUTE(SUBSTITUTE("Selamat "&IF(HOUR(NOW())<11,"Pagi",IF(HOUR(NOW())<15,"Siang",IF(HOUR(NOW())<18,"Sore","Malam")))&" Bapak/Ibu "&$D19&","&CHAR(10)&CHAR(10)&"Mohon maaf mengganggu waktunya. Saya dari Tim Teknis Armedia Net wilayah Gumelar ingin melakukan konfirmasi data pelanggan."&CHAR(10)&CHAR(10)&"ID Pelanggan: "&$B19&CHAR(10)&"Boleh dibantu konfirmasi RT/RW rumahnya?"&CHAR(10)&"RT: "&CHAR(10)&"RW: "&CHAR(10)&CHAR(10)&"Terima kasih banyak sebelumnya atas kerjasamanya.",CHAR(10),"%0A")," ","%20"),"Chat WA")) -> Chat WA | AA19: =IF($F19="","",HYPERLINK("https://wa.me/62"&MID($F19,2,LEN($F19)-1),"Chat WA")) -> Chat WA | AB19: =IF($F19="","",HYPERLINK("https://wa.me/62"&MID($F19,2,LEN($F19)-1)&"?text="&SUBSTITUTE(SUBSTITUTE("📄 *INVOICE TAGIHAN INTERNET*"&CHAR(10)&"ARMEDIA NET - Gumelar"&CHAR(10)&CHAR(10)&"No. Invoice: "&$B19&"/"&CHOOSE(MONTH(NOW()),"JAN","FEB","MAR","APR","MEI","JUN","JUL","AGU","SEP","OKT","NOV","DES")&YEAR(NOW())&CHAR(10)&"Tanggal: "&TEXT(NOW(),"DD/MM/YYYY")&CHAR(10)&CHAR(10)&"Pelanggan: "&$D19&CHAR(10)&"ID Pelanggan: "&$B19&CHAR(10)&CHAR(10)&"Rincian:"&CHAR(10)&"Paket Internet "&$M19&" Mbps"&CHAR(10)&"Rp"&TEXT($N19,"#,##0")&CHAR(10)&CHAR(10)&"TOTAL TAGIHAN: Rp"&TEXT($N19,"#,##0")&CHAR(10)&CHAR(10)&"Periode: "&CHOOSE(MONTH(NOW()),"Januari","Februari","Maret","April","Mei","Juni","Juli","Agustus","September","Oktober","November","Desember")&" "&YEAR(NOW())&CHAR(10)&CHAR(10)&"Mohon lakukan pembayaran dan konfirmasi setelah transfer. Terima kasih atas kerjasamanya."&CHAR(10)&CHAR(10)&"ARMEDIA NET - Gumelar",CHAR(10),"%0A")," ","%20"),"Kirim Invoice")) -> Kirim Invoice | AC19: =IF($F19="","",HYPERLINK("https://wa.me/62"&MID($F19,2,LEN($F19)-1)&"?text="&SUBSTITUTE(SUBSTITUTE("Selamat "&IF(HOUR(NOW())<11,"Pagi",IF(HOUR(NOW())<15,"Siang",IF(HOUR(NOW())<18,"Sore","Malam")))&" Bapak/Ibu "&$D19&","&CHAR(10)&CHAR(10)&"Mohon maaf mengganggu waktunya. Kami sedang melengkapi dokumentasi data pelanggan ARMEDIA Net."&CHAR(10)&CHAR(10)&"ID Pelanggan: "&$B19&CHAR(10)&"Mohon bantuannya kirim foto rumah tampak depan, dan share lokasi Google Maps rumahnya."&CHAR(10)&CHAR(10)&"Terima kasih banyak atas kerjasamanya.",CHAR(10),"%0A")," ","%20"),"Chat WA")) -> Chat WA | AD19: =IFERROR(VLOOKUP($Q19,'12_ONT_NEW'!$D:$G,4,FALSE()),"") -> 5i952g_2.4G | AH19: =IFERROR(IF($S19="","",DATE(YEAR(TODAY()),MONTH(TODAY()),DAY($S19))),"") -> 46218 | AI19: =IF($F19="","",HYPERLINK("https://wa.me/62"&MID($F19,2,LEN($F19)-1)&"?text="&SUBSTITUTE(SUBSTITUTE("Halo, mengingatkan tagihan yang akan jatuh tempo dalam beberapa hari 🙏"&CHAR(10)&CHAR(10)&"Yth. Bapak/Ibu "&$D19&CHAR(10)&CHAR(10)&"Invoice tagihan internet ARMEDIA Net:"&CHAR(10)&CHAR(10)&"ID Pelanggan: "&$B19&CHAR(10)&"No. Invoice: "&$B19&"-"&TEXT(TODAY(),"yymmdd")&CHAR(10)&"Layanan: Internet "&$M19&" Mbps"&CHAR(10)&"Harga Paket: Rp"&TEXT($N19,"#,##0")&CHAR(10)&"Periode: 1 Bulan"&CHAR(10)&"Jatuh Tempo: "&IF($AH19="","(tgl pasang belum diisi)",TEXT($AH19,"DD-")&CHOOSE(MONTH(TODAY()),"Jan","Feb","Mar","Apr","Mei","Jun","Jul","Agu","Sep","Okt","Nov","Des")&TEXT($AH19,"-YYYY"))&CHAR(10)&CHAR(10)&"Total Tagihan: Rp"&TEXT($N19,"#,##0")&CHAR(10)&CHAR(10)&"Pembayaran transfer ke:"&CHAR(10)&"Bank Mandiri"&CHAR(10)&"006-001-460711-7"&CHAR(10)&"a.n PT AKSES ARTHA MEDIA"&CHAR(10)&CHAR(10)&"Atau bayar tunai ke kantor ARMEDIA Net, Gumelar."&CHAR(10)&"Konfirmasi setelah transfer ya. Terima kasih."&CHAR(10)&CHAR(10)&"Salam, ARMEDIA Net - Gumelar",CHAR(10),"%0A")," ","%20"),"Kirim WA")) -> Kirim WA | AJ19: =IF($F19="","",HYPERLINK("https://wa.me/62"&MID($F19,2,LEN($F19)-1)&"?text="&SUBSTITUTE(SUBSTITUTE("Halo, tagihan internet Anda jatuh tempo HARI INI ya 🗓"&CHAR(10)&CHAR(10)&"Yth. Bapak/Ibu "&$D19&CHAR(10)&CHAR(10)&"Invoice tagihan internet ARMEDIA Net:"&CHAR(10)&CHAR(10)&"ID Pelanggan: "&$B19&CHAR(10)&"No. Invoice: "&$B19&"-"&TEXT(TODAY(),"yymmdd")&CHAR(10)&"Layanan: Internet "&$M19&" Mbps"&CHAR(10)&"Harga Paket: Rp"&TEXT($N19,"#,##0")&CHAR(10)&"Periode: 1 Bulan"&CHAR(10)&"Jatuh Tempo: "&IF($AH19="","(tgl pasang belum diisi)",TEXT($AH19,"DD-")&CHOOSE(MONTH(TODAY()),"Jan","Feb","Mar","Apr","Mei","Jun","Jul","Agu","Sep","Okt","Nov","Des")&TEXT($AH19,"-YYYY"))&CHAR(10)&CHAR(10)&"Total Tagihan: Rp"&TEXT($N19,"#,##0")&CHAR(10)&CHAR(10)&"Pembayaran transfer ke:"&CHAR(10)&"Bank Mandiri"&CHAR(10)&"006-001-460711-7"&CHAR(10)&"a.n PT AKSES ARTHA MEDIA"&CHAR(10)&CHAR(10)&"Atau bayar tunai ke kantor ARMEDIA Net, Gumelar."&CHAR(10)&"Konfirmasi setelah transfer ya. Terima kasih."&CHAR(10)&CHAR(10)&"Salam, ARMEDIA Net - Gumelar",CHAR(10),"%0A")," ","%20"),"Kirim WA")) -> Kirim WA | AK19: =IF($F19="","",HYPERLINK("https://wa.me/62"&MID($F19,2,LEN($F19)-1)&"?text="&SUBSTITUTE(SUBSTITUTE("Halo, tagihan internet Anda sudah MELEWATI jatuh tempo. Mohon segera diselesaikan agar layanan tidak terputus 🙏"&CHAR(10)&CHAR(10)&"Yth. Bapak/Ibu "&$D19&CHAR(10)&CHAR(10)&"Invoice tagihan internet ARMEDIA Net:"&CHAR(10)&CHAR(10)&"ID Pelanggan: "&$B19&CHAR(10)&"No. Invoice: "&$B19&"-"&TEXT(TODAY(),"yymmdd")&CHAR(10)&"Layanan: Internet "&$M19&" Mbps"&CHAR(10)&"Harga Paket: Rp"&TEXT($N19,"#,##0")&CHAR(10)&"Periode: 1 Bulan"&CHAR(10)&"Jatuh Tempo: "&IF($AH19="","(tgl pasang belum diisi)",TEXT($AH19,"DD-")&CHOOSE(MONTH(TODAY()),"Jan","Feb","Mar","Apr","Mei","Jun","Jul","Agu","Sep","Okt","Nov","Des")&TEXT($AH19,"-YYYY"))&CHAR(10)&CHAR(10)&"Total Tagihan: Rp"&TEXT($N19,"#,##0")&CHAR(10)&CHAR(10)&"Pembayaran transfer ke:"&CHAR(10)&"Bank Mandiri"&CHAR(10)&"006-001-460711-7"&CHAR(10)&"a.n PT AKSES ARTHA MEDIA"&CHAR(10)&CHAR(10)&"Atau bayar tunai ke kantor ARMEDIA Net, Gumelar."&CHAR(10)&"Konfirmasi setelah transfer ya. Terima kasih."&CHAR(10)&CHAR(10)&"Salam, ARMEDIA Net - Gumelar",CHAR(10),"%0A")," ","%20"),"Kirim WA")) -> Kirim WA | AL19: =IFERROR(IF(OR($S19="",$N19=""),"",ROUND((30-DAY($S19))*$N19/30,0)),"") -> 57500 | AM19: =IF($F19="","",HYPERLINK("https://wa.me/62"&MID($F19,2,LEN($F19)-1)&"?text="&SUBSTITUTE(SUBSTITUTE("Selamat datang di ARMEDIA Net, Bapak/Ibu "&$D19&"!"&CHAR(10)&CHAR(10)&"Terima kasih sudah bergabung. Berikut invoice TAGIHAN PERTAMA Anda:"&CHAR(10)&CHAR(10)&"ID Pelanggan: "&$B19&CHAR(10)&"Layanan: Internet "&$M19&" Mbps"&CHAR(10)&"Harga Normal: Rp"&TEXT($N19,"#,##0")&"/bulan"&CHAR(10)&"Tanggal Pasang: "&IF($S19="","-",TEXT($S19,"DD ")&CHOOSE(MONTH(TODAY()),"Jan","Feb","Mar","Apr","Mei","Jun","Jul","Agu","Sep","Okt","Nov","Des")&TEXT($S19,"-YYYY"))&CHAR(10)&CHAR(10)&"TAGIHAN BULAN PERTAMA (pro-rata):"&CHAR(10)&"Rp"&IF($AL19="","-",TEXT($AL19,"#,##0"))&CHAR(10)&CHAR(10)&"Kenapa beda dari harga normal? Karena tagihan bulan pertama dihitung dari tanggal pasang (bukan awal bulan). Bulan berikutnya sudah normal Rp"&TEXT($N19,"#,##0")&"."&CHAR(10)&CHAR(10)&"Pembayaran transfer ke:"&CHAR(10)&"Bank Mandiri"&CHAR(10)&"006-001-460711-7"&CHAR(10)&"a.n PT AKSES ARTHA MEDIA"&CHAR(10)&CHAR(10)&"Atau tunai ke kantor ARMEDIA Net, Gumelar."&CHAR(10)&"Konfirmasi setelah transfer ya. Terima kasih!"&CHAR(10)&CHAR(10)&"Salam, ARMEDIA Net - Gumelar",CHAR(10),"%0A")," ","%20"),"Kirim Invoice")) -> Kirim Invoice | AP19: =IF($M19="","",IFERROR(LOOKUP(9999,--LEFT($M19,ROW(INDIRECT("1:"&LEN($M19)))))&"M_UP","")) -> 2M_UP | AQ19: 1521
A20: =IF($D20="","",COUNTA($D$5:$D20)) -> 16 | B20: =IF($D20="","","ARM-"&TEXT(COUNTA($D$5:$D20),"0000")) -> ARM-0016 | C20: G-15226031513 | D20: SUSONO | F20: 085723147685 | G20: Gumelar | H20: CIHONJE | I20: 3 | J20: 2 | K20: Banyumas | L20: AR-2 | M20: =IFERROR(VLOOKUP(L20, '4_Produk'!C:E, 2, FALSE()), "") -> 20 | N20: =IFERROR(VLOOKUP(L20, '4_Produk'!C:E, 3, FALSE()), "") -> 115000 | O20: 10.152.6.22 | P20: PG-1522602014 | Q20: HWTC072EB0AF | S20: 46096 | T20: 80 | U20: 1/1/7:7 | W20: Aktif | Z20: =IF($F20="","",HYPERLINK("https://wa.me/62"&MID($F20,2,LEN($F20)-1)&"?text="&SUBSTITUTE(SUBSTITUTE("Selamat "&IF(HOUR(NOW())<11,"Pagi",IF(HOUR(NOW())<15,"Siang",IF(HOUR(NOW())<18,"Sore","Malam")))&" Bapak/Ibu "&$D20&","&CHAR(10)&CHAR(10)&"Mohon maaf mengganggu waktunya. Saya dari Tim Teknis Armedia Net wilayah Gumelar ingin melakukan konfirmasi data pelanggan."&CHAR(10)&CHAR(10)&"ID Pelanggan: "&$B20&CHAR(10)&"Boleh dibantu konfirmasi RT/RW rumahnya?"&CHAR(10)&"RT: "&CHAR(10)&"RW: "&CHAR(10)&CHAR(10)&"Terima kasih banyak sebelumnya atas kerjasamanya.",CHAR(10),"%0A")," ","%20"),"Chat WA")) -> Chat WA | AA20: =IF($F20="","",HYPERLINK("https://wa.me/62"&MID($F20,2,LEN($F20)-1),"Chat WA")) -> Chat WA | AB20: =IF($F20="","",HYPERLINK("https://wa.me/62"&MID($F20,2,LEN($F20)-1)&"?text="&SUBSTITUTE(SUBSTITUTE("📄 *INVOICE TAGIHAN INTERNET*"&CHAR(10)&"ARMEDIA NET - Gumelar"&CHAR(10)&CHAR(10)&"No. Invoice: "&$B20&"/"&CHOOSE(MONTH(NOW()),"JAN","FEB","MAR","APR","MEI","JUN","JUL","AGU","SEP","OKT","NOV","DES")&YEAR(NOW())&CHAR(10)&"Tanggal: "&TEXT(NOW(),"DD/MM/YYYY")&CHAR(10)&CHAR(10)&"Pelanggan: "&$D20&CHAR(10)&"ID Pelanggan: "&$B20&CHAR(10)&CHAR(10)&"Rincian:"&CHAR(10)&"Paket Internet "&$M20&" Mbps"&CHAR(10)&"Rp"&TEXT($N20,"#,##0")&CHAR(10)&CHAR(10)&"TOTAL TAGIHAN: Rp"&TEXT($N20,"#,##0")&CHAR(10)&CHAR(10)&"Periode: "&CHOOSE(MONTH(NOW()),"Januari","Februari","Maret","April","Mei","Juni","Juli","Agustus","September","Oktober","November","Desember")&" "&YEAR(NOW())&CHAR(10)&CHAR(10)&"Mohon lakukan pembayaran dan konfirmasi setelah transfer. Terima kasih atas kerjasamanya."&CHAR(10)&CHAR(10)&"ARMEDIA NET - Gumelar",CHAR(10),"%0A")," ","%20"),"Kirim Invoice")) -> Kirim Invoice | AC20: =IF($F20="","",HYPERLINK("https://wa.me/62"&MID($F20,2,LEN($F20)-1)&"?text="&SUBSTITUTE(SUBSTITUTE("Selamat "&IF(HOUR(NOW())<11,"Pagi",IF(HOUR(NOW())<15,"Siang",IF(HOUR(NOW())<18,"Sore","Malam")))&" Bapak/Ibu "&$D20&","&CHAR(10)&CHAR(10)&"Mohon maaf mengganggu waktunya. Kami sedang melengkapi dokumentasi data pelanggan ARMEDIA Net."&CHAR(10)&CHAR(10)&"ID Pelanggan: "&$B20&CHAR(10)&"Mohon bantuannya kirim foto rumah tampak depan, dan share lokasi Google Maps rumahnya."&CHAR(10)&CHAR(10)&"Terima kasih banyak atas kerjasamanya.",CHAR(10),"%0A")," ","%20"),"Chat WA")) -> Chat WA | AD20: =IFERROR(VLOOKUP($Q20,'12_ONT_NEW'!$D:$G,4,FALSE()),"") | AH20: =IFERROR(IF($S20="","",DATE(YEAR(TODAY()),MONTH(TODAY()),DAY($S20))),"") -> 46218 | AI20: =IF($F20="","",HYPERLINK("https://wa.me/62"&MID($F20,2,LEN($F20)-1)&"?text="&SUBSTITUTE(SUBSTITUTE("Halo, mengingatkan tagihan yang akan jatuh tempo dalam beberapa hari 🙏"&CHAR(10)&CHAR(10)&"Yth. Bapak/Ibu "&$D20&CHAR(10)&CHAR(10)&"Invoice tagihan internet ARMEDIA Net:"&CHAR(10)&CHAR(10)&"ID Pelanggan: "&$B20&CHAR(10)&"No. Invoice: "&$B20&"-"&TEXT(TODAY(),"yymmdd")&CHAR(10)&"Layanan: Internet "&$M20&" Mbps"&CHAR(10)&"Harga Paket: Rp"&TEXT($N20,"#,##0")&CHAR(10)&"Periode: 1 Bulan"&CHAR(10)&"Jatuh Tempo: "&IF($AH20="","(tgl pasang belum diisi)",TEXT($AH20,"DD-")&CHOOSE(MONTH(TODAY()),"Jan","Feb","Mar","Apr","Mei","Jun","Jul","Agu","Sep","Okt","Nov","Des")&TEXT($AH20,"-YYYY"))&CHAR(10)&CHAR(10)&"Total Tagihan: Rp"&TEXT($N20,"#,##0")&CHAR(10)&CHAR(10)&"Pembayaran transfer ke:"&CHAR(10)&"Bank Mandiri"&CHAR(10)&"006-001-460711-7"&CHAR(10)&"a.n PT AKSES ARTHA MEDIA"&CHAR(10)&CHAR(10)&"Atau bayar tunai ke kantor ARMEDIA Net, Gumelar."&CHAR(10)&"Konfirmasi setelah transfer ya. Terima kasih."&CHAR(10)&CHAR(10)&"Salam, ARMEDIA Net - Gumelar",CHAR(10),"%0A")," ","%20"),"Kirim WA")) -> Kirim WA | AJ20: =IF($F20="","",HYPERLINK("https://wa.me/62"&MID($F20,2,LEN($F20)-1)&"?text="&SUBSTITUTE(SUBSTITUTE("Halo, tagihan internet Anda jatuh tempo HARI INI ya 🗓"&CHAR(10)&CHAR(10)&"Yth. Bapak/Ibu "&$D20&CHAR(10)&CHAR(10)&"Invoice tagihan internet ARMEDIA Net:"&CHAR(10)&CHAR(10)&"ID Pelanggan: "&$B20&CHAR(10)&"No. Invoice: "&$B20&"-"&TEXT(TODAY(),"yymmdd")&CHAR(10)&"Layanan: Internet "&$M20&" Mbps"&CHAR(10)&"Harga Paket: Rp"&TEXT($N20,"#,##0")&CHAR(10)&"Periode: 1 Bulan"&CHAR(10)&"Jatuh Tempo: "&IF($AH20="","(tgl pasang belum diisi)",TEXT($AH20,"DD-")&CHOOSE(MONTH(TODAY()),"Jan","Feb","Mar","Apr","Mei","Jun","Jul","Agu","Sep","Okt","Nov","Des")&TEXT($AH20,"-YYYY"))&CHAR(10)&CHAR(10)&"Total Tagihan: Rp"&TEXT($N20,"#,##0")&CHAR(10)&CHAR(10)&"Pembayaran transfer ke:"&CHAR(10)&"Bank Mandiri"&CHAR(10)&"006-001-460711-7"&CHAR(10)&"a.n PT AKSES ARTHA MEDIA"&CHAR(10)&CHAR(10)&"Atau bayar tunai ke kantor ARMEDIA Net, Gumelar."&CHAR(10)&"Konfirmasi setelah transfer ya. Terima kasih."&CHAR(10)&CHAR(10)&"Salam, ARMEDIA Net - Gumelar",CHAR(10),"%0A")," ","%20"),"Kirim WA")) -> Kirim WA | AK20: =IF($F20="","",HYPERLINK("https://wa.me/62"&MID($F20,2,LEN($F20)-1)&"?text="&SUBSTITUTE(SUBSTITUTE("Halo, tagihan internet Anda sudah MELEWATI jatuh tempo. Mohon segera diselesaikan agar layanan tidak terputus 🙏"&CHAR(10)&CHAR(10)&"Yth. Bapak/Ibu "&$D20&CHAR(10)&CHAR(10)&"Invoice tagihan internet ARMEDIA Net:"&CHAR(10)&CHAR(10)&"ID Pelanggan: "&$B20&CHAR(10)&"No. Invoice: "&$B20&"-"&TEXT(TODAY(),"yymmdd")&CHAR(10)&"Layanan: Internet "&$M20&" Mbps"&CHAR(10)&"Harga Paket: Rp"&TEXT($N20,"#,##0")&CHAR(10)&"Periode: 1 Bulan"&CHAR(10)&"Jatuh Tempo: "&IF($AH20="","(tgl pasang belum diisi)",TEXT($AH20,"DD-")&CHOOSE(MONTH(TODAY()),"Jan","Feb","Mar","Apr","Mei","Jun","Jul","Agu","Sep","Okt","Nov","Des")&TEXT($AH20,"-YYYY"))&CHAR(10)&CHAR(10)&"Total Tagihan: Rp"&TEXT($N20,"#,##0")&CHAR(10)&CHAR(10)&"Pembayaran transfer ke:"&CHAR(10)&"Bank Mandiri"&CHAR(10)&"006-001-460711-7"&CHAR(10)&"a.n PT AKSES ARTHA MEDIA"&CHAR(10)&CHAR(10)&"Atau bayar tunai ke kantor ARMEDIA Net, Gumelar."&CHAR(10)&"Konfirmasi setelah transfer ya. Terima kasih."&CHAR(10)&CHAR(10)&"Salam, ARMEDIA Net - Gumelar",CHAR(10),"%0A")," ","%20"),"Kirim WA")) -> Kirim WA | AL20: =IFERROR(IF(OR($S20="",$N20=""),"",ROUND((30-DAY($S20))*$N20/30,0)),"") -> 57500 | AM20: =IF($F20="","",HYPERLINK("https://wa.me/62"&MID($F20,2,LEN($F20)-1)&"?text="&SUBSTITUTE(SUBSTITUTE("Selamat datang di ARMEDIA Net, Bapak/Ibu "&$D20&"!"&CHAR(10)&CHAR(10)&"Terima kasih sudah bergabung. Berikut invoice TAGIHAN PERTAMA Anda:"&CHAR(10)&CHAR(10)&"ID Pelanggan: "&$B20&CHAR(10)&"Layanan: Internet "&$M20&" Mbps"&CHAR(10)&"Harga Normal: Rp"&TEXT($N20,"#,##0")&"/bulan"&CHAR(10)&"Tanggal Pasang: "&IF($S20="","-",TEXT($S20,"DD ")&CHOOSE(MONTH(TODAY()),"Jan","Feb","Mar","Apr","Mei","Jun","Jul","Agu","Sep","Okt","Nov","Des")&TEXT($S20,"-YYYY"))&CHAR(10)&CHAR(10)&"TAGIHAN BULAN PERTAMA (pro-rata):"&CHAR(10)&"Rp"&IF($AL20="","-",TEXT($AL20,"#,##0"))&CHAR(10)&CHAR(10)&"Kenapa beda dari harga normal? Karena tagihan bulan pertama dihitung dari tanggal pasang (bukan awal bulan). Bulan berikutnya sudah normal Rp"&TEXT($N20,"#,##0")&"."&CHAR(10)&CHAR(10)&"Pembayaran transfer ke:"&CHAR(10)&"Bank Mandiri"&CHAR(10)&"006-001-460711-7"&CHAR(10)&"a.n PT AKSES ARTHA MEDIA"&CHAR(10)&CHAR(10)&"Atau tunai ke kantor ARMEDIA Net, Gumelar."&CHAR(10)&"Konfirmasi setelah transfer ya. Terima kasih!"&CHAR(10)&CHAR(10)&"Salam, ARMEDIA Net - Gumelar",CHAR(10),"%0A")," ","%20"),"Kirim Invoice")) -> Kirim Invoice | AP20: =IF($M20="","",IFERROR(LOOKUP(9999,--LEFT($M20,ROW(INDIRECT("1:"&LEN($M20)))))&"M_UP","")) -> 2M_UP | AQ20: 1521
A21: =IF($D21="","",COUNTA($D$5:$D21)) -> 17 | B21: =IF($D21="","","ARM-"&TEXT(COUNTA($D$5:$D21),"0000")) -> ARM-0017 | C21: G-15226031514 | D21: RATIMAH | F21: 085129751854 | G21: Gumelar | H21: CIHONJE | I21: 3 | J21: 2 | K21: Banyumas | L21: AR-2 | M21: =IFERROR(VLOOKUP(L21, '4_Produk'!C:E, 2, FALSE()), "") -> 20 | N21: =IFERROR(VLOOKUP(L21, '4_Produk'!C:E, 3, FALSE()), "") -> 115000 | O21: 10.152.6.18 | P21: PG-1522602015 | Q21: HWTC072ED9DF | S21: 46096 | T21: 300 | U21: 1/1/7:8 | W21: Aktif | Z21: =IF($F21="","",HYPERLINK("https://wa.me/62"&MID($F21,2,LEN($F21)-1)&"?text="&SUBSTITUTE(SUBSTITUTE("Selamat "&IF(HOUR(NOW())<11,"Pagi",IF(HOUR(NOW())<15,"Siang",IF(HOUR(NOW())<18,"Sore","Malam")))&" Bapak/Ibu "&$D21&","&CHAR(10)&CHAR(10)&"Mohon maaf mengganggu waktunya. Saya dari Tim Teknis Armedia Net wilayah Gumelar ingin melakukan konfirmasi data pelanggan."&CHAR(10)&CHAR(10)&"ID Pelanggan: "&$B21&CHAR(10)&"Boleh dibantu konfirmasi RT/RW rumahnya?"&CHAR(10)&"RT: "&CHAR(10)&"RW: "&CHAR(10)&CHAR(10)&"Terima kasih banyak sebelumnya atas kerjasamanya.",CHAR(10),"%0A")," ","%20"),"Chat WA")) -> Chat WA | AA21: =IF($F21="","",HYPERLINK("https://wa.me/62"&MID($F21,2,LEN($F21)-1),"Chat WA")) -> Chat WA | AB21: =IF($F21="","",HYPERLINK("https://wa.me/62"&MID($F21,2,LEN($F21)-1)&"?text="&SUBSTITUTE(SUBSTITUTE("📄 *INVOICE TAGIHAN INTERNET*"&CHAR(10)&"ARMEDIA NET - Gumelar"&CHAR(10)&CHAR(10)&"No. Invoice: "&$B21&"/"&CHOOSE(MONTH(NOW()),"JAN","FEB","MAR","APR","MEI","JUN","JUL","AGU","SEP","OKT","NOV","DES")&YEAR(NOW())&CHAR(10)&"Tanggal: "&TEXT(NOW(),"DD/MM/YYYY")&CHAR(10)&CHAR(10)&"Pelanggan: "&$D21&CHAR(10)&"ID Pelanggan: "&$B21&CHAR(10)&CHAR(10)&"Rincian:"&CHAR(10)&"Paket Internet "&$M21&" Mbps"&CHAR(10)&"Rp"&TEXT($N21,"#,##0")&CHAR(10)&CHAR(10)&"TOTAL TAGIHAN: Rp"&TEXT($N21,"#,##0")&CHAR(10)&CHAR(10)&"Periode: "&CHOOSE(MONTH(NOW()),"Januari","Februari","Maret","April","Mei","Juni","Juli","Agustus","September","Oktober","November","Desember")&" "&YEAR(NOW())&CHAR(10)&CHAR(10)&"Mohon lakukan pembayaran dan konfirmasi setelah transfer. Terima kasih atas kerjasamanya."&CHAR(10)&CHAR(10)&"ARMEDIA NET - Gumelar",CHAR(10),"%0A")," ","%20"),"Kirim Invoice")) -> Kirim Invoice | AC21: =IF($F21="","",HYPERLINK("https://wa.me/62"&MID($F21,2,LEN($F21)-1)&"?text="&SUBSTITUTE(SUBSTITUTE("Selamat "&IF(HOUR(NOW())<11,"Pagi",IF(HOUR(NOW())<15,"Siang",IF(HOUR(NOW())<18,"Sore","Malam")))&" Bapak/Ibu "&$D21&","&CHAR(10)&CHAR(10)&"Mohon maaf mengganggu waktunya. Kami sedang melengkapi dokumentasi data pelanggan ARMEDIA Net."&CHAR(10)&CHAR(10)&"ID Pelanggan: "&$B21&CHAR(10)&"Mohon bantuannya kirim foto rumah tampak depan, dan share lokasi Google Maps rumahnya."&CHAR(10)&CHAR(10)&"Terima kasih banyak atas kerjasamanya.",CHAR(10),"%0A")," ","%20"),"Chat WA")) -> Chat WA | AD21: =IFERROR(VLOOKUP($Q21,'12_ONT_NEW'!$D:$G,4,FALSE()),"") | AH21: =IFERROR(IF($S21="","",DATE(YEAR(TODAY()),MONTH(TODAY()),DAY($S21))),"") -> 46218 | AI21: =IF($F21="","",HYPERLINK("https://wa.me/62"&MID($F21,2,LEN($F21)-1)&"?text="&SUBSTITUTE(SUBSTITUTE("Halo, mengingatkan tagihan yang akan jatuh tempo dalam beberapa hari 🙏"&CHAR(10)&CHAR(10)&"Yth. Bapak/Ibu "&$D21&CHAR(10)&CHAR(10)&"Invoice tagihan internet ARMEDIA Net:"&CHAR(10)&CHAR(10)&"ID Pelanggan: "&$B21&CHAR(10)&"No. Invoice: "&$B21&"-"&TEXT(TODAY(),"yymmdd")&CHAR(10)&"Layanan: Internet "&$M21&" Mbps"&CHAR(10)&"Harga Paket: Rp"&TEXT($N21,"#,##0")&CHAR(10)&"Periode: 1 Bulan"&CHAR(10)&"Jatuh Tempo: "&IF($AH21="","(tgl pasang belum diisi)",TEXT($AH21,"DD-")&CHOOSE(MONTH(TODAY()),"Jan","Feb","Mar","Apr","Mei","Jun","Jul","Agu","Sep","Okt","Nov","Des")&TEXT($AH21,"-YYYY"))&CHAR(10)&CHAR(10)&"Total Tagihan: Rp"&TEXT($N21,"#,##0")&CHAR(10)&CHAR(10)&"Pembayaran transfer ke:"&CHAR(10)&"Bank Mandiri"&CHAR(10)&"006-001-460711-7"&CHAR(10)&"a.n PT AKSES ARTHA MEDIA"&CHAR(10)&CHAR(10)&"Atau bayar tunai ke kantor ARMEDIA Net, Gumelar."&CHAR(10)&"Konfirmasi setelah transfer ya. Terima kasih."&CHAR(10)&CHAR(10)&"Salam, ARMEDIA Net - Gumelar",CHAR(10),"%0A")," ","%20"),"Kirim WA")) -> Kirim WA | AJ21: =IF($F21="","",HYPERLINK("https://wa.me/62"&MID($F21,2,LEN($F21)-1)&"?text="&SUBSTITUTE(SUBSTITUTE("Halo, tagihan internet Anda jatuh tempo HARI INI ya 🗓"&CHAR(10)&CHAR(10)&"Yth. Bapak/Ibu "&$D21&CHAR(10)&CHAR(10)&"Invoice tagihan internet ARMEDIA Net:"&CHAR(10)&CHAR(10)&"ID Pelanggan: "&$B21&CHAR(10)&"No. Invoice: "&$B21&"-"&TEXT(TODAY(),"yymmdd")&CHAR(10)&"Layanan: Internet "&$M21&" Mbps"&CHAR(10)&"Harga Paket: Rp"&TEXT($N21,"#,##0")&CHAR(10)&"Periode: 1 Bulan"&CHAR(10)&"Jatuh Tempo: "&IF($AH21="","(tgl pasang belum diisi)",TEXT($AH21,"DD-")&CHOOSE(MONTH(TODAY()),"Jan","Feb","Mar","Apr","Mei","Jun","Jul","Agu","Sep","Okt","Nov","Des")&TEXT($AH21,"-YYYY"))&CHAR(10)&CHAR(10)&"Total Tagihan: Rp"&TEXT($N21,"#,##0")&CHAR(10)&CHAR(10)&"Pembayaran transfer ke:"&CHAR(10)&"Bank Mandiri"&CHAR(10)&"006-001-460711-7"&CHAR(10)&"a.n PT AKSES ARTHA MEDIA"&CHAR(10)&CHAR(10)&"Atau bayar tunai ke kantor ARMEDIA Net, Gumelar."&CHAR(10)&"Konfirmasi setelah transfer ya. Terima kasih."&CHAR(10)&CHAR(10)&"Salam, ARMEDIA Net - Gumelar",CHAR(10),"%0A")," ","%20"),"Kirim WA")) -> Kirim WA | AK21: =IF($F21="","",HYPERLINK("https://wa.me/62"&MID($F21,2,LEN($F21)-1)&"?text="&SUBSTITUTE(SUBSTITUTE("Halo, tagihan internet Anda sudah MELEWATI jatuh tempo. Mohon segera diselesaikan agar layanan tidak terputus 🙏"&CHAR(10)&CHAR(10)&"Yth. Bapak/Ibu "&$D21&CHAR(10)&CHAR(10)&"Invoice tagihan internet ARMEDIA Net:"&CHAR(10)&CHAR(10)&"ID Pelanggan: "&$B21&CHAR(10)&"No. Invoice: "&$B21&"-"&TEXT(TODAY(),"yymmdd")&CHAR(10)&"Layanan: Internet "&$M21&" Mbps"&CHAR(10)&"Harga Paket: Rp"&TEXT($N21,"#,##0")&CHAR(10)&"Periode: 1 Bulan"&CHAR(10)&"Jatuh Tempo: "&IF($AH21="","(tgl pasang belum diisi)",TEXT($AH21,"DD-")&CHOOSE(MONTH(TODAY()),"Jan","Feb","Mar","Apr","Mei","Jun","Jul","Agu","Sep","Okt","Nov","Des")&TEXT($AH21,"-YYYY"))&CHAR(10)&CHAR(10)&"Total Tagihan: Rp"&TEXT($N21,"#,##0")&CHAR(10)&CHAR(10)&"Pembayaran transfer ke:"&CHAR(10)&"Bank Mandiri"&CHAR(10)&"006-001-460711-7"&CHAR(10)&"a.n PT AKSES ARTHA MEDIA"&CHAR(10)&CHAR(10)&"Atau bayar tunai ke kantor ARMEDIA Net, Gumelar."&CHAR(10)&"Konfirmasi setelah transfer ya. Terima kasih."&CHAR(10)&CHAR(10)&"Salam, ARMEDIA Net - Gumelar",CHAR(10),"%0A")," ","%20"),"Kirim WA")) -> Kirim WA | AL21: =IFERROR(IF(OR($S21="",$N21=""),"",ROUND((30-DAY($S21))*$N21/30,0)),"") -> 57500 | AM21: =IF($F21="","",HYPERLINK("https://wa.me/62"&MID($F21,2,LEN($F21)-1)&"?text="&SUBSTITUTE(SUBSTITUTE("Selamat datang di ARMEDIA Net, Bapak/Ibu "&$D21&"!"&CHAR(10)&CHAR(10)&"Terima kasih sudah bergabung. Berikut invoice TAGIHAN PERTAMA Anda:"&CHAR(10)&CHAR(10)&"ID Pelanggan: "&$B21&CHAR(10)&"Layanan: Internet "&$M21&" Mbps"&CHAR(10)&"Harga Normal: Rp"&TEXT($N21,"#,##0")&"/bulan"&CHAR(10)&"Tanggal Pasang: "&IF($S21="","-",TEXT($S21,"DD ")&CHOOSE(MONTH(TODAY()),"Jan","Feb","Mar","Apr","Mei","Jun","Jul","Agu","Sep","Okt","Nov","Des")&TEXT($S21,"-YYYY"))&CHAR(10)&CHAR(10)&"TAGIHAN BULAN PERTAMA (pro-rata):"&CHAR(10)&"Rp"&IF($AL21="","-",TEXT($AL21,"#,##0"))&CHAR(10)&CHAR(10)&"Kenapa beda dari harga normal? Karena tagihan bulan pertama dihitung dari tanggal pasang (bukan awal bulan). Bulan berikutnya sudah normal Rp"&TEXT($N21,"#,##0")&"."&CHAR(10)&CHAR(10)&"Pembayaran transfer ke:"&CHAR(10)&"Bank Mandiri"&CHAR(10)&"006-001-460711-7"&CHAR(10)&"a.n PT AKSES ARTHA MEDIA"&CHAR(10)&CHAR(10)&"Atau tunai ke kantor ARMEDIA Net, Gumelar."&CHAR(10)&"Konfirmasi setelah transfer ya. Terima kasih!"&CHAR(10)&CHAR(10)&"Salam, ARMEDIA Net - Gumelar",CHAR(10),"%0A")," ","%20"),"Kirim Invoice")) -> Kirim Invoice | AP21: =IF($M21="","",IFERROR(LOOKUP(9999,--LEFT($M21,ROW(INDIRECT("1:"&LEN($M21)))))&"M_UP","")) -> 2M_UP | AQ21: 1521
A22: =IF($D22="","",COUNTA($D$5:$D22)) -> 18 | B22: =IF($D22="","","ARM-"&TEXT(COUNTA($D$5:$D22),"0000")) -> ARM-0018 | C22: G-15226031515 | D22: KHADIS WAHYONO | E22: 3302151405890001 | F22: 08 | G22: Gumelar | H22: GUMELAR | K22: Banyumas | L22: AR-2 | M22: =IFERROR(VLOOKUP(L22, '4_Produk'!C:E, 2, FALSE()), "") -> 20 | N22: =IFERROR(VLOOKUP(L22, '4_Produk'!C:E, 3, FALSE()), "") -> 115000 | P22: PG-1522602016 | Q22: HWTC072EAC8F | S22: 46096 | T22: 35 | U22: 1/1/1:1 | V22: sudah tdk berlangganan | W22: Berhenti | Z22: =IF($F22="","",HYPERLINK("https://wa.me/62"&MID($F22,2,LEN($F22)-1)&"?text="&SUBSTITUTE(SUBSTITUTE("Selamat "&IF(HOUR(NOW())<11,"Pagi",IF(HOUR(NOW())<15,"Siang",IF(HOUR(NOW())<18,"Sore","Malam")))&" Bapak/Ibu "&$D22&","&CHAR(10)&CHAR(10)&"Mohon maaf mengganggu waktunya. Saya dari Tim Teknis Armedia Net wilayah Gumelar ingin melakukan konfirmasi data pelanggan."&CHAR(10)&CHAR(10)&"ID Pelanggan: "&$B22&CHAR(10)&"Boleh dibantu konfirmasi RT/RW rumahnya?"&CHAR(10)&"RT: "&CHAR(10)&"RW: "&CHAR(10)&CHAR(10)&"Terima kasih banyak sebelumnya atas kerjasamanya.",CHAR(10),"%0A")," ","%20"),"Chat WA")) -> Chat WA | AA22: =IF($F22="","",HYPERLINK("https://wa.me/62"&MID($F22,2,LEN($F22)-1),"Chat WA")) -> Chat WA | AB22: =IF($F22="","",HYPERLINK("https://wa.me/62"&MID($F22,2,LEN($F22)-1)&"?text="&SUBSTITUTE(SUBSTITUTE("📄 *INVOICE TAGIHAN INTERNET*"&CHAR(10)&"ARMEDIA NET - Gumelar"&CHAR(10)&CHAR(10)&"No. Invoice: "&$B22&"/"&CHOOSE(MONTH(NOW()),"JAN","FEB","MAR","APR","MEI","JUN","JUL","AGU","SEP","OKT","NOV","DES")&YEAR(NOW())&CHAR(10)&"Tanggal: "&TEXT(NOW(),"DD/MM/YYYY")&CHAR(10)&CHAR(10)&"Pelanggan: "&$D22&CHAR(10)&"ID Pelanggan: "&$B22&CHAR(10)&CHAR(10)&"Rincian:"&CHAR(10)&"Paket Internet "&$M22&" Mbps"&CHAR(10)&"Rp"&TEXT($N22,"#,##0")&CHAR(10)&CHAR(10)&"TOTAL TAGIHAN: Rp"&TEXT($N22,"#,##0")&CHAR(10)&CHAR(10)&"Periode: "&CHOOSE(MONTH(NOW()),"Januari","Februari","Maret","April","Mei","Juni","Juli","Agustus","September","Oktober","November","Desember")&" "&YEAR(NOW())&CHAR(10)&CHAR(10)&"Mohon lakukan pembayaran dan konfirmasi setelah transfer. Terima kasih atas kerjasamanya."&CHAR(10)&CHAR(10)&"ARMEDIA NET - Gumelar",CHAR(10),"%0A")," ","%20"),"Kirim Invoice")) -> Kirim Invoice | AC22: =IF($F22="","",HYPERLINK("https://wa.me/62"&MID($F22,2,LEN($F22)-1)&"?text="&SUBSTITUTE(SUBSTITUTE("Selamat "&IF(HOUR(NOW())<11,"Pagi",IF(HOUR(NOW())<15,"Siang",IF(HOUR(NOW())<18,"Sore","Malam")))&" Bapak/Ibu "&$D22&","&CHAR(10)&CHAR(10)&"Mohon maaf mengganggu waktunya. Kami sedang melengkapi dokumentasi data pelanggan ARMEDIA Net."&CHAR(10)&CHAR(10)&"ID Pelanggan: "&$B22&CHAR(10)&"Mohon bantuannya kirim foto rumah tampak depan, dan share lokasi Google Maps rumahnya."&CHAR(10)&CHAR(10)&"Terima kasih banyak atas kerjasamanya.",CHAR(10),"%0A")," ","%20"),"Chat WA")) -> Chat WA | AD22: =IFERROR(VLOOKUP($Q22,'12_ONT_NEW'!$D:$G,4,FALSE()),"") | AH22: =IFERROR(IF($S22="","",DATE(YEAR(TODAY()),MONTH(TODAY()),DAY($S22))),"") -> 46218 | AI22: =IF($F22="","",HYPERLINK("https://wa.me/62"&MID($F22,2,LEN($F22)-1)&"?text="&SUBSTITUTE(SUBSTITUTE("Halo, mengingatkan tagihan yang akan jatuh tempo dalam beberapa hari 🙏"&CHAR(10)&CHAR(10)&"Yth. Bapak/Ibu "&$D22&CHAR(10)&CHAR(10)&"Invoice tagihan internet ARMEDIA Net:"&CHAR(10)&CHAR(10)&"ID Pelanggan: "&$B22&CHAR(10)&"No. Invoice: "&$B22&"-"&TEXT(TODAY(),"yymmdd")&CHAR(10)&"Layanan: Internet "&$M22&" Mbps"&CHAR(10)&"Harga Paket: Rp"&TEXT($N22,"#,##0")&CHAR(10)&"Periode: 1 Bulan"&CHAR(10)&"Jatuh Tempo: "&IF($AH22="","(tgl pasang belum diisi)",TEXT($AH22,"DD-")&CHOOSE(MONTH(TODAY()),"Jan","Feb","Mar","Apr","Mei","Jun","Jul","Agu","Sep","Okt","Nov","Des")&TEXT($AH22,"-YYYY"))&CHAR(10)&CHAR(10)&"Total Tagihan: Rp"&TEXT($N22,"#,##0")&CHAR(10)&CHAR(10)&"Pembayaran transfer ke:"&CHAR(10)&"Bank Mandiri"&CHAR(10)&"006-001-460711-7"&CHAR(10)&"a.n PT AKSES ARTHA MEDIA"&CHAR(10)&CHAR(10)&"Atau bayar tunai ke kantor ARMEDIA Net, Gumelar."&CHAR(10)&"Konfirmasi setelah transfer ya. Terima kasih."&CHAR(10)&CHAR(10)&"Salam, ARMEDIA Net - Gumelar",CHAR(10),"%0A")," ","%20"),"Kirim WA")) -> Kirim WA | AJ22: =IF($F22="","",HYPERLINK("https://wa.me/62"&MID($F22,2,LEN($F22)-1)&"?text="&SUBSTITUTE(SUBSTITUTE("Halo, tagihan internet Anda jatuh tempo HARI INI ya 🗓"&CHAR(10)&CHAR(10)&"Yth. Bapak/Ibu "&$D22&CHAR(10)&CHAR(10)&"Invoice tagihan internet ARMEDIA Net:"&CHAR(10)&CHAR(10)&"ID Pelanggan: "&$B22&CHAR(10)&"No. Invoice: "&$B22&"-"&TEXT(TODAY(),"yymmdd")&CHAR(10)&"Layanan: Internet "&$M22&" Mbps"&CHAR(10)&"Harga Paket: Rp"&TEXT($N22,"#,##0")&CHAR(10)&"Periode: 1 Bulan"&CHAR(10)&"Jatuh Tempo: "&IF($AH22="","(tgl pasang belum diisi)",TEXT($AH22,"DD-")&CHOOSE(MONTH(TODAY()),"Jan","Feb","Mar","Apr","Mei","Jun","Jul","Agu","Sep","Okt","Nov","Des")&TEXT($AH22,"-YYYY"))&CHAR(10)&CHAR(10)&"Total Tagihan: Rp"&TEXT($N22,"#,##0")&CHAR(10)&CHAR(10)&"Pembayaran transfer ke:"&CHAR(10)&"Bank Mandiri"&CHAR(10)&"006-001-460711-7"&CHAR(10)&"a.n PT AKSES ARTHA MEDIA"&CHAR(10)&CHAR(10)&"Atau bayar tunai ke kantor ARMEDIA Net, Gumelar."&CHAR(10)&"Konfirmasi setelah transfer ya. Terima kasih."&CHAR(10)&CHAR(10)&"Salam, ARMEDIA Net - Gumelar",CHAR(10),"%0A")," ","%20"),"Kirim WA")) -> Kirim WA | AK22: =IF($F22="","",HYPERLINK("https://wa.me/62"&MID($F22,2,LEN($F22)-1)&"?text="&SUBSTITUTE(SUBSTITUTE("Halo, tagihan internet Anda sudah MELEWATI jatuh tempo. Mohon segera diselesaikan agar layanan tidak terputus 🙏"&CHAR(10)&CHAR(10)&"Yth. Bapak/Ibu "&$D22&CHAR(10)&CHAR(10)&"Invoice tagihan internet ARMEDIA Net:"&CHAR(10)&CHAR(10)&"ID Pelanggan: "&$B22&CHAR(10)&"No. Invoice: "&$B22&"-"&TEXT(TODAY(),"yymmdd")&CHAR(10)&"Layanan: Internet "&$M22&" Mbps"&CHAR(10)&"Harga Paket: Rp"&TEXT($N22,"#,##0")&CHAR(10)&"Periode: 1 Bulan"&CHAR(10)&"Jatuh Tempo: "&IF($AH22="","(tgl pasang belum diisi)",TEXT($AH22,"DD-")&CHOOSE(MONTH(TODAY()),"Jan","Feb","Mar","Apr","Mei","Jun","Jul","Agu","Sep","Okt","Nov","Des")&TEXT($AH22,"-YYYY"))&CHAR(10)&CHAR(10)&"Total Tagihan: Rp"&TEXT($N22,"#,##0")&CHAR(10)&CHAR(10)&"Pembayaran transfer ke:"&CHAR(10)&"Bank Mandiri"&CHAR(10)&"006-001-460711-7"&CHAR(10)&"a.n PT AKSES ARTHA MEDIA"&CHAR(10)&CHAR(10)&"Atau bayar tunai ke kantor ARMEDIA Net, Gumelar."&CHAR(10)&"Konfirmasi setelah transfer ya. Terima kasih."&CHAR(10)&CHAR(10)&"Salam, ARMEDIA Net - Gumelar",CHAR(10),"%0A")," ","%20"),"Kirim WA")) -> Kirim WA | AL22: =IFERROR(IF(OR($S22="",$N22=""),"",ROUND((30-DAY($S22))*$N22/30,0)),"") -> 57500 | AM22: =IF($F22="","",HYPERLINK("https://wa.me/62"&MID($F22,2,LEN($F22)-1)&"?text="&SUBSTITUTE(SUBSTITUTE("Selamat datang di ARMEDIA Net, Bapak/Ibu "&$D22&"!"&CHAR(10)&CHAR(10)&"Terima kasih sudah bergabung. Berikut invoice TAGIHAN PERTAMA Anda:"&CHAR(10)&CHAR(10)&"ID Pelanggan: "&$B22&CHAR(10)&"Layanan: Internet "&$M22&" Mbps"&CHAR(10)&"Harga Normal: Rp"&TEXT($N22,"#,##0")&"/bulan"&CHAR(10)&"Tanggal Pasang: "&IF($S22="","-",TEXT($S22,"DD ")&CHOOSE(MONTH(TODAY()),"Jan","Feb","Mar","Apr","Mei","Jun","Jul","Agu","Sep","Okt","Nov","Des")&TEXT($S22,"-YYYY"))&CHAR(10)&CHAR(10)&"TAGIHAN BULAN PERTAMA (pro-rata):"&CHAR(10)&"Rp"&IF($AL22="","-",TEXT($AL22,"#,##0"))&CHAR(10)&CHAR(10)&"Kenapa beda dari harga normal? Karena tagihan bulan pertama dihitung dari tanggal pasang (bukan awal bulan). Bulan berikutnya sudah normal Rp"&TEXT($N22,"#,##0")&"."&CHAR(10)&CHAR(10)&"Pembayaran transfer ke:"&CHAR(10)&"Bank Mandiri"&CHAR(10)&"006-001-460711-7"&CHAR(10)&"a.n PT AKSES ARTHA MEDIA"&CHAR(10)&CHAR(10)&"Atau tunai ke kantor ARMEDIA Net, Gumelar."&CHAR(10)&"Konfirmasi setelah transfer ya. Terima kasih!"&CHAR(10)&CHAR(10)&"Salam, ARMEDIA Net - Gumelar",CHAR(10),"%0A")," ","%20"),"Kirim Invoice")) -> Kirim Invoice | AP22: =IF($M22="","",IFERROR(LOOKUP(9999,--LEFT($M22,ROW(INDIRECT("1:"&LEN($M22)))))&"M_UP","")) -> 2M_UP | AQ22: 1521
A23: =IF($D23="","",COUNTA($D$5:$D23)) -> 19 | B23: =IF($D23="","","ARM-"&TEXT(COUNTA($D$5:$D23),"0000")) -> ARM-0019 | C23: G-15226031516 | D23: HERIYADI | E23: 3302150810750002 | F23: 085724916029 | G23: Gumelar | H23: CIHONJE | I23: 8 | J23: 2 | K23: Banyumas | L23: AR-2 | M23: =IFERROR(VLOOKUP(L23, '4_Produk'!C:E, 2, FALSE()), "") -> 20 | N23: =IFERROR(VLOOKUP(L23, '4_Produk'!C:E, 3, FALSE()), "") -> 115000 | O23: 10.152.6.46 | P23: PG-1522602017 | Q23: HWTC072ED89F | S23: 46096 | T23: 50 | U23: 1/1/5:1 | W23: Aktif | Z23: =IF($F23="","",HYPERLINK("https://wa.me/62"&MID($F23,2,LEN($F23)-1)&"?text="&SUBSTITUTE(SUBSTITUTE("Selamat "&IF(HOUR(NOW())<11,"Pagi",IF(HOUR(NOW())<15,"Siang",IF(HOUR(NOW())<18,"Sore","Malam")))&" Bapak/Ibu "&$D23&","&CHAR(10)&CHAR(10)&"Mohon maaf mengganggu waktunya. Saya dari Tim Teknis Armedia Net wilayah Gumelar ingin melakukan konfirmasi data pelanggan."&CHAR(10)&CHAR(10)&"ID Pelanggan: "&$B23&CHAR(10)&"Boleh dibantu konfirmasi RT/RW rumahnya?"&CHAR(10)&"RT: "&CHAR(10)&"RW: "&CHAR(10)&CHAR(10)&"Terima kasih banyak sebelumnya atas kerjasamanya.",CHAR(10),"%0A")," ","%20"),"Chat WA")) -> Chat WA | AA23: =IF($F23="","",HYPERLINK("https://wa.me/62"&MID($F23,2,LEN($F23)-1),"Chat WA")) -> Chat WA | AB23: =IF($F23="","",HYPERLINK("https://wa.me/62"&MID($F23,2,LEN($F23)-1)&"?text="&SUBSTITUTE(SUBSTITUTE("📄 *INVOICE TAGIHAN INTERNET*"&CHAR(10)&"ARMEDIA NET - Gumelar"&CHAR(10)&CHAR(10)&"No. Invoice: "&$B23&"/"&CHOOSE(MONTH(NOW()),"JAN","FEB","MAR","APR","MEI","JUN","JUL","AGU","SEP","OKT","NOV","DES")&YEAR(NOW())&CHAR(10)&"Tanggal: "&TEXT(NOW(),"DD/MM/YYYY")&CHAR(10)&CHAR(10)&"Pelanggan: "&$D23&CHAR(10)&"ID Pelanggan: "&$B23&CHAR(10)&CHAR(10)&"Rincian:"&CHAR(10)&"Paket Internet "&$M23&" Mbps"&CHAR(10)&"Rp"&TEXT($N23,"#,##0")&CHAR(10)&CHAR(10)&"TOTAL TAGIHAN: Rp"&TEXT($N23,"#,##0")&CHAR(10)&CHAR(10)&"Periode: "&CHOOSE(MONTH(NOW()),"Januari","Februari","Maret","April","Mei","Juni","Juli","Agustus","September","Oktober","November","Desember")&" "&YEAR(NOW())&CHAR(10)&CHAR(10)&"Mohon lakukan pembayaran dan konfirmasi setelah transfer. Terima kasih atas kerjasamanya."&CHAR(10)&CHAR(10)&"ARMEDIA NET - Gumelar",CHAR(10),"%0A")," ","%20"),"Kirim Invoice")) -> Kirim Invoice | AC23: =IF($F23="","",HYPERLINK("https://wa.me/62"&MID($F23,2,LEN($F23)-1)&"?text="&SUBSTITUTE(SUBSTITUTE("Selamat "&IF(HOUR(NOW())<11,"Pagi",IF(HOUR(NOW())<15,"Siang",IF(HOUR(NOW())<18,"Sore","Malam")))&" Bapak/Ibu "&$D23&","&CHAR(10)&CHAR(10)&"Mohon maaf mengganggu waktunya. Kami sedang melengkapi dokumentasi data pelanggan ARMEDIA Net."&CHAR(10)&CHAR(10)&"ID Pelanggan: "&$B23&CHAR(10)&"Mohon bantuannya kirim foto rumah tampak depan, dan share lokasi Google Maps rumahnya."&CHAR(10)&CHAR(10)&"Terima kasih banyak atas kerjasamanya.",CHAR(10),"%0A")," ","%20"),"Chat WA")) -> Chat WA | AD23: =IFERROR(VLOOKUP($Q23,'12_ONT_NEW'!$D:$G,4,FALSE()),"") | AH23: =IFERROR(IF($S23="","",DATE(YEAR(TODAY()),MONTH(TODAY()),DAY($S23))),"") -> 46218 | AI23: =IF($F23="","",HYPERLINK("https://wa.me/62"&MID($F23,2,LEN($F23)-1)&"?text="&SUBSTITUTE(SUBSTITUTE("Halo, mengingatkan tagihan yang akan jatuh tempo dalam beberapa hari 🙏"&CHAR(10)&CHAR(10)&"Yth. Bapak/Ibu "&$D23&CHAR(10)&CHAR(10)&"Invoice tagihan internet ARMEDIA Net:"&CHAR(10)&CHAR(10)&"ID Pelanggan: "&$B23&CHAR(10)&"No. Invoice: "&$B23&"-"&TEXT(TODAY(),"yymmdd")&CHAR(10)&"Layanan: Internet "&$M23&" Mbps"&CHAR(10)&"Harga Paket: Rp"&TEXT($N23,"#,##0")&CHAR(10)&"Periode: 1 Bulan"&CHAR(10)&"Jatuh Tempo: "&IF($AH23="","(tgl pasang belum diisi)",TEXT($AH23,"DD-")&CHOOSE(MONTH(TODAY()),"Jan","Feb","Mar","Apr","Mei","Jun","Jul","Agu","Sep","Okt","Nov","Des")&TEXT($AH23,"-YYYY"))&CHAR(10)&CHAR(10)&"Total Tagihan: Rp"&TEXT($N23,"#,##0")&CHAR(10)&CHAR(10)&"Pembayaran transfer ke:"&CHAR(10)&"Bank Mandiri"&CHAR(10)&"006-001-460711-7"&CHAR(10)&"a.n PT AKSES ARTHA MEDIA"&CHAR(10)&CHAR(10)&"Atau bayar tunai ke kantor ARMEDIA Net, Gumelar."&CHAR(10)&"Konfirmasi setelah transfer ya. Terima kasih."&CHAR(10)&CHAR(10)&"Salam, ARMEDIA Net - Gumelar",CHAR(10),"%0A")," ","%20"),"Kirim WA")) -> Kirim WA | AJ23: =IF($F23="","",HYPERLINK("https://wa.me/62"&MID($F23,2,LEN($F23)-1)&"?text="&SUBSTITUTE(SUBSTITUTE("Halo, tagihan internet Anda jatuh tempo HARI INI ya 🗓"&CHAR(10)&CHAR(10)&"Yth. Bapak/Ibu "&$D23&CHAR(10)&CHAR(10)&"Invoice tagihan internet ARMEDIA Net:"&CHAR(10)&CHAR(10)&"ID Pelanggan: "&$B23&CHAR(10)&"No. Invoice: "&$B23&"-"&TEXT(TODAY(),"yymmdd")&CHAR(10)&"Layanan: Internet "&$M23&" Mbps"&CHAR(10)&"Harga Paket: Rp"&TEXT($N23,"#,##0")&CHAR(10)&"Periode: 1 Bulan"&CHAR(10)&"Jatuh Tempo: "&IF($AH23="","(tgl pasang belum diisi)",TEXT($AH23,"DD-")&CHOOSE(MONTH(TODAY()),"Jan","Feb","Mar","Apr","Mei","Jun","Jul","Agu","Sep","Okt","Nov","Des")&TEXT($AH23,"-YYYY"))&CHAR(10)&CHAR(10)&"Total Tagihan: Rp"&TEXT($N23,"#,##0")&CHAR(10)&CHAR(10)&"Pembayaran transfer ke:"&CHAR(10)&"Bank Mandiri"&CHAR(10)&"006-001-460711-7"&CHAR(10)&"a.n PT AKSES ARTHA MEDIA"&CHAR(10)&CHAR(10)&"Atau bayar tunai ke kantor ARMEDIA Net, Gumelar."&CHAR(10)&"Konfirmasi setelah transfer ya. Terima kasih."&CHAR(10)&CHAR(10)&"Salam, ARMEDIA Net - Gumelar",CHAR(10),"%0A")," ","%20"),"Kirim WA")) -> Kirim WA | AK23: =IF($F23="","",HYPERLINK("https://wa.me/62"&MID($F23,2,LEN($F23)-1)&"?text="&SUBSTITUTE(SUBSTITUTE("Halo, tagihan internet Anda sudah MELEWATI jatuh tempo. Mohon segera diselesaikan agar layanan tidak terputus 🙏"&CHAR(10)&CHAR(10)&"Yth. Bapak/Ibu "&$D23&CHAR(10)&CHAR(10)&"Invoice tagihan internet ARMEDIA Net:"&CHAR(10)&CHAR(10)&"ID Pelanggan: "&$B23&CHAR(10)&"No. Invoice: "&$B23&"-"&TEXT(TODAY(),"yymmdd")&CHAR(10)&"Layanan: Internet "&$M23&" Mbps"&CHAR(10)&"Harga Paket: Rp"&TEXT($N23,"#,##0")&CHAR(10)&"Periode: 1 Bulan"&CHAR(10)&"Jatuh Tempo: "&IF($AH23="","(tgl pasang belum diisi)",TEXT($AH23,"DD-")&CHOOSE(MONTH(TODAY()),"Jan","Feb","Mar","Apr","Mei","Jun","Jul","Agu","Sep","Okt","Nov","Des")&TEXT($AH23,"-YYYY"))&CHAR(10)&CHAR(10)&"Total Tagihan: Rp"&TEXT($N23,"#,##0")&CHAR(10)&CHAR(10)&"Pembayaran transfer ke:"&CHAR(10)&"Bank Mandiri"&CHAR(10)&"006-001-460711-7"&CHAR(10)&"a.n PT AKSES ARTHA MEDIA"&CHAR(10)&CHAR(10)&"Atau bayar tunai ke kantor ARMEDIA Net, Gumelar."&CHAR(10)&"Konfirmasi setelah transfer ya. Terima kasih."&CHAR(10)&CHAR(10)&"Salam, ARMEDIA Net - Gumelar",CHAR(10),"%0A")," ","%20"),"Kirim WA")) -> Kirim WA | AL23: =IFERROR(IF(OR($S23="",$N23=""),"",ROUND((30-DAY($S23))*$N23/30,0)),"") -> 57500 | AM23: =IF($F23="","",HYPERLINK("https://wa.me/62"&MID($F23,2,LEN($F23)-1)&"?text="&SUBSTITUTE(SUBSTITUTE("Selamat datang di ARMEDIA Net, Bapak/Ibu "&$D23&"!"&CHAR(10)&CHAR(10)&"Terima kasih sudah bergabung. Berikut invoice TAGIHAN PERTAMA Anda:"&CHAR(10)&CHAR(10)&"ID Pelanggan: "&$B23&CHAR(10)&"Layanan: Internet "&$M23&" Mbps"&CHAR(10)&"Harga Normal: Rp"&TEXT($N23,"#,##0")&"/bulan"&CHAR(10)&"Tanggal Pasang: "&IF($S23="","-",TEXT($S23,"DD ")&CHOOSE(MONTH(TODAY()),"Jan","Feb","Mar","Apr","Mei","Jun","Jul","Agu","Sep","Okt","Nov","Des")&TEXT($S23,"-YYYY"))&CHAR(10)&CHAR(10)&"TAGIHAN BULAN PERTAMA (pro-rata):"&CHAR(10)&"Rp"&IF($AL23="","-",TEXT($AL23,"#,##0"))&CHAR(10)&CHAR(10)&"Kenapa beda dari harga normal? Karena tagihan bulan pertama dihitung dari tanggal pasang (bukan awal bulan). Bulan berikutnya sudah normal Rp"&TEXT($N23,"#,##0")&"."&CHAR(10)&CHAR(10)&"Pembayaran transfer ke:"&CHAR(10)&"Bank Mandiri"&CHAR(10)&"006-001-460711-7"&CHAR(10)&"a.n PT AKSES ARTHA MEDIA"&CHAR(10)&CHAR(10)&"Atau tunai ke kantor ARMEDIA Net, Gumelar."&CHAR(10)&"Konfirmasi setelah transfer ya. Terima kasih!"&CHAR(10)&CHAR(10)&"Salam, ARMEDIA Net - Gumelar",CHAR(10),"%0A")," ","%20"),"Kirim Invoice")) -> Kirim Invoice | AP23: =IF($M23="","",IFERROR(LOOKUP(9999,--LEFT($M23,ROW(INDIRECT("1:"&LEN($M23)))))&"M_UP","")) -> 2M_UP | AQ23: 1521
A24: =IF($D24="","",COUNTA($D$5:$D24)) -> 20 | B24: =IF($D24="","","ARM-"&TEXT(COUNTA($D$5:$D24),"0000")) -> ARM-0020 | C24: G-15226031517 | D24: DARYANTI | E24: 3302155810790001 | F24: 088219526660 | G24: Gumelar | K24: Banyumas | L24: AR-2 | M24: =IFERROR(VLOOKUP(L24, '4_Produk'!C:E, 2, FALSE()), "") -> 20 | N24: =IFERROR(VLOOKUP(L24, '4_Produk'!C:E, 3, FALSE()), "") -> 115000 | O24: 10.152.6.66 | P24: PG-1522602018 | Q24: HWTC072EFD9F | S24: 46096 | T24: 20 | U24: 1/1/3:11 | W24: Aktif | Z24: =IF($F24="","",HYPERLINK("https://wa.me/62"&MID($F24,2,LEN($F24)-1)&"?text="&SUBSTITUTE(SUBSTITUTE("Selamat "&IF(HOUR(NOW())<11,"Pagi",IF(HOUR(NOW())<15,"Siang",IF(HOUR(NOW())<18,"Sore","Malam")))&" Bapak/Ibu "&$D24&","&CHAR(10)&CHAR(10)&"Mohon maaf mengganggu waktunya. Saya dari Tim Teknis Armedia Net wilayah Gumelar ingin melakukan konfirmasi data pelanggan."&CHAR(10)&CHAR(10)&"ID Pelanggan: "&$B24&CHAR(10)&"Boleh dibantu konfirmasi RT/RW rumahnya?"&CHAR(10)&"RT: "&CHAR(10)&"RW: "&CHAR(10)&CHAR(10)&"Terima kasih banyak sebelumnya atas kerjasamanya.",CHAR(10),"%0A")," ","%20"),"Chat WA")) -> Chat WA | AA24: =IF($F24="","",HYPERLINK("https://wa.me/62"&MID($F24,2,LEN($F24)-1),"Chat WA")) -> Chat WA | AB24: =IF($F24="","",HYPERLINK("https://wa.me/62"&MID($F24,2,LEN($F24)-1)&"?text="&SUBSTITUTE(SUBSTITUTE("📄 *INVOICE TAGIHAN INTERNET*"&CHAR(10)&"ARMEDIA NET - Gumelar"&CHAR(10)&CHAR(10)&"No. Invoice: "&$B24&"/"&CHOOSE(MONTH(NOW()),"JAN","FEB","MAR","APR","MEI","JUN","JUL","AGU","SEP","OKT","NOV","DES")&YEAR(NOW())&CHAR(10)&"Tanggal: "&TEXT(NOW(),"DD/MM/YYYY")&CHAR(10)&CHAR(10)&"Pelanggan: "&$D24&CHAR(10)&"ID Pelanggan: "&$B24&CHAR(10)&CHAR(10)&"Rincian:"&CHAR(10)&"Paket Internet "&$M24&" Mbps"&CHAR(10)&"Rp"&TEXT($N24,"#,##0")&CHAR(10)&CHAR(10)&"TOTAL TAGIHAN: Rp"&TEXT($N24,"#,##0")&CHAR(10)&CHAR(10)&"Periode: "&CHOOSE(MONTH(NOW()),"Januari","Februari","Maret","April","Mei","Juni","Juli","Agustus","September","Oktober","November","Desember")&" "&YEAR(NOW())&CHAR(10)&CHAR(10)&"Mohon lakukan pembayaran dan konfirmasi setelah transfer. Terima kasih atas kerjasamanya."&CHAR(10)&CHAR(10)&"ARMEDIA NET - Gumelar",CHAR(10),"%0A")," ","%20"),"Kirim Invoice")) -> Kirim Invoice | AC24: =IF($F24="","",HYPERLINK("https://wa.me/62"&MID($F24,2,LEN($F24)-1)&"?text="&SUBSTITUTE(SUBSTITUTE("Selamat "&IF(HOUR(NOW())<11,"Pagi",IF(HOUR(NOW())<15,"Siang",IF(HOUR(NOW())<18,"Sore","Malam")))&" Bapak/Ibu "&$D24&","&CHAR(10)&CHAR(10)&"Mohon maaf mengganggu waktunya. Kami sedang melengkapi dokumentasi data pelanggan ARMEDIA Net."&CHAR(10)&CHAR(10)&"ID Pelanggan: "&$B24&CHAR(10)&"Mohon bantuannya kirim foto rumah tampak depan, dan share lokasi Google Maps rumahnya."&CHAR(10)&CHAR(10)&"Terima kasih banyak atas kerjasamanya.",CHAR(10),"%0A")," ","%20"),"Chat WA")) -> Chat WA | AD24: =IFERROR(VLOOKUP($Q24,'12_ONT_NEW'!$D:$G,4,FALSE()),"") | AH24: =IFERROR(IF($S24="","",DATE(YEAR(TODAY()),MONTH(TODAY()),DAY($S24))),"") -> 46218 | AI24: =IF($F24="","",HYPERLINK("https://wa.me/62"&MID($F24,2,LEN($F24)-1)&"?text="&SUBSTITUTE(SUBSTITUTE("Halo, mengingatkan tagihan yang akan jatuh tempo dalam beberapa hari 🙏"&CHAR(10)&CHAR(10)&"Yth. Bapak/Ibu "&$D24&CHAR(10)&CHAR(10)&"Invoice tagihan internet ARMEDIA Net:"&CHAR(10)&CHAR(10)&"ID Pelanggan: "&$B24&CHAR(10)&"No. Invoice: "&$B24&"-"&TEXT(TODAY(),"yymmdd")&CHAR(10)&"Layanan: Internet "&$M24&" Mbps"&CHAR(10)&"Harga Paket: Rp"&TEXT($N24,"#,##0")&CHAR(10)&"Periode: 1 Bulan"&CHAR(10)&"Jatuh Tempo: "&IF($AH24="","(tgl pasang belum diisi)",TEXT($AH24,"DD-")&CHOOSE(MONTH(TODAY()),"Jan","Feb","Mar","Apr","Mei","Jun","Jul","Agu","Sep","Okt","Nov","Des")&TEXT($AH24,"-YYYY"))&CHAR(10)&CHAR(10)&"Total Tagihan: Rp"&TEXT($N24,"#,##0")&CHAR(10)&CHAR(10)&"Pembayaran transfer ke:"&CHAR(10)&"Bank Mandiri"&CHAR(10)&"006-001-460711-7"&CHAR(10)&"a.n PT AKSES ARTHA MEDIA"&CHAR(10)&CHAR(10)&"Atau bayar tunai ke kantor ARMEDIA Net, Gumelar."&CHAR(10)&"Konfirmasi setelah transfer ya. Terima kasih."&CHAR(10)&CHAR(10)&"Salam, ARMEDIA Net - Gumelar",CHAR(10),"%0A")," ","%20"),"Kirim WA")) -> Kirim WA | AJ24: =IF($F24="","",HYPERLINK("https://wa.me/62"&MID($F24,2,LEN($F24)-1)&"?text="&SUBSTITUTE(SUBSTITUTE("Halo, tagihan internet Anda jatuh tempo HARI INI ya 🗓"&CHAR(10)&CHAR(10)&"Yth. Bapak/Ibu "&$D24&CHAR(10)&CHAR(10)&"Invoice tagihan internet ARMEDIA Net:"&CHAR(10)&CHAR(10)&"ID Pelanggan: "&$B24&CHAR(10)&"No. Invoice: "&$B24&"-"&TEXT(TODAY(),"yymmdd")&CHAR(10)&"Layanan: Internet "&$M24&" Mbps"&CHAR(10)&"Harga Paket: Rp"&TEXT($N24,"#,##0")&CHAR(10)&"Periode: 1 Bulan"&CHAR(10)&"Jatuh Tempo: "&IF($AH24="","(tgl pasang belum diisi)",TEXT($AH24,"DD-")&CHOOSE(MONTH(TODAY()),"Jan","Feb","Mar","Apr","Mei","Jun","Jul","Agu","Sep","Okt","Nov","Des")&TEXT($AH24,"-YYYY"))&CHAR(10)&CHAR(10)&"Total Tagihan: Rp"&TEXT($N24,"#,##0")&CHAR(10)&CHAR(10)&"Pembayaran transfer ke:"&CHAR(10)&"Bank Mandiri"&CHAR(10)&"006-001-460711-7"&CHAR(10)&"a.n PT AKSES ARTHA MEDIA"&CHAR(10)&CHAR(10)&"Atau bayar tunai ke kantor ARMEDIA Net, Gumelar."&CHAR(10)&"Konfirmasi setelah transfer ya. Terima kasih."&CHAR(10)&CHAR(10)&"Salam, ARMEDIA Net - Gumelar",CHAR(10),"%0A")," ","%20"),"Kirim WA")) -> Kirim WA | AK24: =IF($F24="","",HYPERLINK("https://wa.me/62"&MID($F24,2,LEN($F24)-1)&"?text="&SUBSTITUTE(SUBSTITUTE("Halo, tagihan internet Anda sudah MELEWATI jatuh tempo. Mohon segera diselesaikan agar layanan tidak terputus 🙏"&CHAR(10)&CHAR(10)&"Yth. Bapak/Ibu "&$D24&CHAR(10)&CHAR(10)&"Invoice tagihan internet ARMEDIA Net:"&CHAR(10)&CHAR(10)&"ID Pelanggan: "&$B24&CHAR(10)&"No. Invoice: "&$B24&"-"&TEXT(TODAY(),"yymmdd")&CHAR(10)&"Layanan: Internet "&$M24&" Mbps"&CHAR(10)&"Harga Paket: Rp"&TEXT($N24,"#,##0")&CHAR(10)&"Periode: 1 Bulan"&CHAR(10)&"Jatuh Tempo: "&IF($AH24="","(tgl pasang belum diisi)",TEXT($AH24,"DD-")&CHOOSE(MONTH(TODAY()),"Jan","Feb","Mar","Apr","Mei","Jun","Jul","Agu","Sep","Okt","Nov","Des")&TEXT($AH24,"-YYYY"))&CHAR(10)&CHAR(10)&"Total Tagihan: Rp"&TEXT($N24,"#,##0")&CHAR(10)&CHAR(10)&"Pembayaran transfer ke:"&CHAR(10)&"Bank Mandiri"&CHAR(10)&"006-001-460711-7"&CHAR(10)&"a.n PT AKSES ARTHA MEDIA"&CHAR(10)&CHAR(10)&"Atau bayar tunai ke kantor ARMEDIA Net, Gumelar."&CHAR(10)&"Konfirmasi setelah transfer ya. Terima kasih."&CHAR(10)&CHAR(10)&"Salam, ARMEDIA Net - Gumelar",CHAR(10),"%0A")," ","%20"),"Kirim WA")) -> Kirim WA | AL24: =IFERROR(IF(OR($S24="",$N24=""),"",ROUND((30-DAY($S24))*$N24/30,0)),"") -> 57500 | AM24: =IF($F24="","",HYPERLINK("https://wa.me/62"&MID($F24,2,LEN($F24)-1)&"?text="&SUBSTITUTE(SUBSTITUTE("Selamat datang di ARMEDIA Net, Bapak/Ibu "&$D24&"!"&CHAR(10)&CHAR(10)&"Terima kasih sudah bergabung. Berikut invoice TAGIHAN PERTAMA Anda:"&CHAR(10)&CHAR(10)&"ID Pelanggan: "&$B24&CHAR(10)&"Layanan: Internet "&$M24&" Mbps"&CHAR(10)&"Harga Normal: Rp"&TEXT($N24,"#,##0")&"/bulan"&CHAR(10)&"Tanggal Pasang: "&IF($S24="","-",TEXT($S24,"DD ")&CHOOSE(MONTH(TODAY()),"Jan","Feb","Mar","Apr","Mei","Jun","Jul","Agu","Sep","Okt","Nov","Des")&TEXT($S24,"-YYYY"))&CHAR(10)&CHAR(10)&"TAGIHAN BULAN PERTAMA (pro-rata):"&CHAR(10)&"Rp"&IF($AL24="","-",TEXT($AL24,"#,##0"))&CHAR(10)&CHAR(10)&"Kenapa beda dari harga normal? Karena tagihan bulan pertama dihitung dari tanggal pasang (bukan awal bulan). Bulan berikutnya sudah normal Rp"&TEXT($N24,"#,##0")&"."&CHAR(10)&CHAR(10)&"Pembayaran transfer ke:"&CHAR(10)&"Bank Mandiri"&CHAR(10)&"006-001-460711-7"&CHAR(10)&"a.n PT AKSES ARTHA MEDIA"&CHAR(10)&CHAR(10)&"Atau tunai ke kantor ARMEDIA Net, Gumelar."&CHAR(10)&"Konfirmasi setelah transfer ya. Terima kasih!"&CHAR(10)&CHAR(10)&"Salam, ARMEDIA Net - Gumelar",CHAR(10),"%0A")," ","%20"),"Kirim Invoice")) -> Kirim Invoice | AP24: =IF($M24="","",IFERROR(LOOKUP(9999,--LEFT($M24,ROW(INDIRECT("1:"&LEN($M24)))))&"M_UP","")) -> 2M_UP | AQ24: 1521
A25: =IF($D25="","",COUNTA($D$5:$D25)) -> 21 | B25: =IF($D25="","","ARM-"&TEXT(COUNTA($D$5:$D25),"0000")) -> ARM-0021 | C25: G-15226031518 | D25: RUJININGSIH | E25: 3302156202840001 | F25: 082242004007 | G25: Gumelar | H25: CIHONJE | I25: 5 | J25: 2 | K25: Banyumas | L25: AR-4 | M25: =IFERROR(VLOOKUP(L25, '4_Produk'!C:E, 2, FALSE()), "") -> 50 | N25: =IFERROR(VLOOKUP(L25, '4_Produk'!C:E, 3, FALSE()), "") -> 182000 | O25: 10.152.4.6 | P25: PG-1522602019 | Q25: HWTC072F20AF | S25: 46096 | T25: 120 | U25: 1/1/3:8 | W25: Aktif | Z25: =IF($F25="","",HYPERLINK("https://wa.me/62"&MID($F25,2,LEN($F25)-1)&"?text="&SUBSTITUTE(SUBSTITUTE("Selamat "&IF(HOUR(NOW())<11,"Pagi",IF(HOUR(NOW())<15,"Siang",IF(HOUR(NOW())<18,"Sore","Malam")))&" Bapak/Ibu "&$D25&","&CHAR(10)&CHAR(10)&"Mohon maaf mengganggu waktunya. Saya dari Tim Teknis Armedia Net wilayah Gumelar ingin melakukan konfirmasi data pelanggan."&CHAR(10)&CHAR(10)&"ID Pelanggan: "&$B25&CHAR(10)&"Boleh dibantu konfirmasi RT/RW rumahnya?"&CHAR(10)&"RT: "&CHAR(10)&"RW: "&CHAR(10)&CHAR(10)&"Terima kasih banyak sebelumnya atas kerjasamanya.",CHAR(10),"%0A")," ","%20"),"Chat WA")) -> Chat WA | AA25: =IF($F25="","",HYPERLINK("https://wa.me/62"&MID($F25,2,LEN($F25)-1),"Chat WA")) -> Chat WA | AB25: =IF($F25="","",HYPERLINK("https://wa.me/62"&MID($F25,2,LEN($F25)-1)&"?text="&SUBSTITUTE(SUBSTITUTE("📄 *INVOICE TAGIHAN INTERNET*"&CHAR(10)&"ARMEDIA NET - Gumelar"&CHAR(10)&CHAR(10)&"No. Invoice: "&$B25&"/"&CHOOSE(MONTH(NOW()),"JAN","FEB","MAR","APR","MEI","JUN","JUL","AGU","SEP","OKT","NOV","DES")&YEAR(NOW())&CHAR(10)&"Tanggal: "&TEXT(NOW(),"DD/MM/YYYY")&CHAR(10)&CHAR(10)&"Pelanggan: "&$D25&CHAR(10)&"ID Pelanggan: "&$B25&CHAR(10)&CHAR(10)&"Rincian:"&CHAR(10)&"Paket Internet "&$M25&" Mbps"&CHAR(10)&"Rp"&TEXT($N25,"#,##0")&CHAR(10)&CHAR(10)&"TOTAL TAGIHAN: Rp"&TEXT($N25,"#,##0")&CHAR(10)&CHAR(10)&"Periode: "&CHOOSE(MONTH(NOW()),"Januari","Februari","Maret","April","Mei","Juni","Juli","Agustus","September","Oktober","November","Desember")&" "&YEAR(NOW())&CHAR(10)&CHAR(10)&"Mohon lakukan pembayaran dan konfirmasi setelah transfer. Terima kasih atas kerjasamanya."&CHAR(10)&CHAR(10)&"ARMEDIA NET - Gumelar",CHAR(10),"%0A")," ","%20"),"Kirim Invoice")) -> Kirim Invoice | AC25: =IF($F25="","",HYPERLINK("https://wa.me/62"&MID($F25,2,LEN($F25)-1)&"?text="&SUBSTITUTE(SUBSTITUTE("Selamat "&IF(HOUR(NOW())<11,"Pagi",IF(HOUR(NOW())<15,"Siang",IF(HOUR(NOW())<18,"Sore","Malam")))&" Bapak/Ibu "&$D25&","&CHAR(10)&CHAR(10)&"Mohon maaf mengganggu waktunya. Kami sedang melengkapi dokumentasi data pelanggan ARMEDIA Net."&CHAR(10)&CHAR(10)&"ID Pelanggan: "&$B25&CHAR(10)&"Mohon bantuannya kirim foto rumah tampak depan, dan share lokasi Google Maps rumahnya."&CHAR(10)&CHAR(10)&"Terima kasih banyak atas kerjasamanya.",CHAR(10),"%0A")," ","%20"),"Chat WA")) -> Chat WA | AD25: =IFERROR(VLOOKUP($Q25,'12_ONT_NEW'!$D:$G,4,FALSE()),"") | AH25: =IFERROR(IF($S25="","",DATE(YEAR(TODAY()),MONTH(TODAY()),DAY($S25))),"") -> 46218 | AI25: =IF($F25="","",HYPERLINK("https://wa.me/62"&MID($F25,2,LEN($F25)-1)&"?text="&SUBSTITUTE(SUBSTITUTE("Halo, mengingatkan tagihan yang akan jatuh tempo dalam beberapa hari 🙏"&CHAR(10)&CHAR(10)&"Yth. Bapak/Ibu "&$D25&CHAR(10)&CHAR(10)&"Invoice tagihan internet ARMEDIA Net:"&CHAR(10)&CHAR(10)&"ID Pelanggan: "&$B25&CHAR(10)&"No. Invoice: "&$B25&"-"&TEXT(TODAY(),"yymmdd")&CHAR(10)&"Layanan: Internet "&$M25&" Mbps"&CHAR(10)&"Harga Paket: Rp"&TEXT($N25,"#,##0")&CHAR(10)&"Periode: 1 Bulan"&CHAR(10)&"Jatuh Tempo: "&IF($AH25="","(tgl pasang belum diisi)",TEXT($AH25,"DD-")&CHOOSE(MONTH(TODAY()),"Jan","Feb","Mar","Apr","Mei","Jun","Jul","Agu","Sep","Okt","Nov","Des")&TEXT($AH25,"-YYYY"))&CHAR(10)&CHAR(10)&"Total Tagihan: Rp"&TEXT($N25,"#,##0")&CHAR(10)&CHAR(10)&"Pembayaran transfer ke:"&CHAR(10)&"Bank Mandiri"&CHAR(10)&"006-001-460711-7"&CHAR(10)&"a.n PT AKSES ARTHA MEDIA"&CHAR(10)&CHAR(10)&"Atau bayar tunai ke kantor ARMEDIA Net, Gumelar."&CHAR(10)&"Konfirmasi setelah transfer ya. Terima kasih."&CHAR(10)&CHAR(10)&"Salam, ARMEDIA Net - Gumelar",CHAR(10),"%0A")," ","%20"),"Kirim WA")) -> Kirim WA | AJ25: =IF($F25="","",HYPERLINK("https://wa.me/62"&MID($F25,2,LEN($F25)-1)&"?text="&SUBSTITUTE(SUBSTITUTE("Halo, tagihan internet Anda jatuh tempo HARI INI ya 🗓"&CHAR(10)&CHAR(10)&"Yth. Bapak/Ibu "&$D25&CHAR(10)&CHAR(10)&"Invoice tagihan internet ARMEDIA Net:"&CHAR(10)&CHAR(10)&"ID Pelanggan: "&$B25&CHAR(10)&"No. Invoice: "&$B25&"-"&TEXT(TODAY(),"yymmdd")&CHAR(10)&"Layanan: Internet "&$M25&" Mbps"&CHAR(10)&"Harga Paket: Rp"&TEXT($N25,"#,##0")&CHAR(10)&"Periode: 1 Bulan"&CHAR(10)&"Jatuh Tempo: "&IF($AH25="","(tgl pasang belum diisi)",TEXT($AH25,"DD-")&CHOOSE(MONTH(TODAY()),"Jan","Feb","Mar","Apr","Mei","Jun","Jul","Agu","Sep","Okt","Nov","Des")&TEXT($AH25,"-YYYY"))&CHAR(10)&CHAR(10)&"Total Tagihan: Rp"&TEXT($N25,"#,##0")&CHAR(10)&CHAR(10)&"Pembayaran transfer ke:"&CHAR(10)&"Bank Mandiri"&CHAR(10)&"006-001-460711-7"&CHAR(10)&"a.n PT AKSES ARTHA MEDIA"&CHAR(10)&CHAR(10)&"Atau bayar tunai ke kantor ARMEDIA Net, Gumelar."&CHAR(10)&"Konfirmasi setelah transfer ya. Terima kasih."&CHAR(10)&CHAR(10)&"Salam, ARMEDIA Net - Gumelar",CHAR(10),"%0A")," ","%20"),"Kirim WA")) -> Kirim WA | AK25: =IF($F25="","",HYPERLINK("https://wa.me/62"&MID($F25,2,LEN($F25)-1)&"?text="&SUBSTITUTE(SUBSTITUTE("Halo, tagihan internet Anda sudah MELEWATI jatuh tempo. Mohon segera diselesaikan agar layanan tidak terputus 🙏"&CHAR(10)&CHAR(10)&"Yth. Bapak/Ibu "&$D25&CHAR(10)&CHAR(10)&"Invoice tagihan internet ARMEDIA Net:"&CHAR(10)&CHAR(10)&"ID Pelanggan: "&$B25&CHAR(10)&"No. Invoice: "&$B25&"-"&TEXT(TODAY(),"yymmdd")&CHAR(10)&"Layanan: Internet "&$M25&" Mbps"&CHAR(10)&"Harga Paket: Rp"&TEXT($N25,"#,##0")&CHAR(10)&"Periode: 1 Bulan"&CHAR(10)&"Jatuh Tempo: "&IF($AH25="","(tgl pasang belum diisi)",TEXT($AH25,"DD-")&CHOOSE(MONTH(TODAY()),"Jan","Feb","Mar","Apr","Mei","Jun","Jul","Agu","Sep","Okt","Nov","Des")&TEXT($AH25,"-YYYY"))&CHAR(10)&CHAR(10)&"Total Tagihan: Rp"&TEXT($N25,"#,##0")&CHAR(10)&CHAR(10)&"Pembayaran transfer ke:"&CHAR(10)&"Bank Mandiri"&CHAR(10)&"006-001-460711-7"&CHAR(10)&"a.n PT AKSES ARTHA MEDIA"&CHAR(10)&CHAR(10)&"Atau bayar tunai ke kantor ARMEDIA Net, Gumelar."&CHAR(10)&"Konfirmasi setelah transfer ya. Terima kasih."&CHAR(10)&CHAR(10)&"Salam, ARMEDIA Net - Gumelar",CHAR(10),"%0A")," ","%20"),"Kirim WA")) -> Kirim WA | AL25: =IFERROR(IF(OR($S25="",$N25=""),"",ROUND((30-DAY($S25))*$N25/30,0)),"") -> 91000 | AM25: =IF($F25="","",HYPERLINK("https://wa.me/62"&MID($F25,2,LEN($F25)-1)&"?text="&SUBSTITUTE(SUBSTITUTE("Selamat datang di ARMEDIA Net, Bapak/Ibu "&$D25&"!"&CHAR(10)&CHAR(10)&"Terima kasih sudah bergabung. Berikut invoice TAGIHAN PERTAMA Anda:"&CHAR(10)&CHAR(10)&"ID Pelanggan: "&$B25&CHAR(10)&"Layanan: Internet "&$M25&" Mbps"&CHAR(10)&"Harga Normal: Rp"&TEXT($N25,"#,##0")&"/bulan"&CHAR(10)&"Tanggal Pasang: "&IF($S25="","-",TEXT($S25,"DD ")&CHOOSE(MONTH(TODAY()),"Jan","Feb","Mar","Apr","Mei","Jun","Jul","Agu","Sep","Okt","Nov","Des")&TEXT($S25,"-YYYY"))&CHAR(10)&CHAR(10)&"TAGIHAN BULAN PERTAMA (pro-rata):"&CHAR(10)&"Rp"&IF($AL25="","-",TEXT($AL25,"#,##0"))&CHAR(10)&CHAR(10)&"Kenapa beda dari harga normal? Karena tagihan bulan pertama dihitung dari tanggal pasang (bukan awal bulan). Bulan berikutnya sudah normal Rp"&TEXT($N25,"#,##0")&"."&CHAR(10)&CHAR(10)&"Pembayaran transfer ke:"&CHAR(10)&"Bank Mandiri"&CHAR(10)&"006-001-460711-7"&CHAR(10)&"a.n PT AKSES ARTHA MEDIA"&CHAR(10)&CHAR(10)&"Atau tunai ke kantor ARMEDIA Net, Gumelar."&CHAR(10)&"Konfirmasi setelah transfer ya. Terima kasih!"&CHAR(10)&CHAR(10)&"Salam, ARMEDIA Net - Gumelar",CHAR(10),"%0A")," ","%20"),"Kirim Invoice")) -> Kirim Invoice | AP25: =IF($M25="","",IFERROR(LOOKUP(9999,--LEFT($M25,ROW(INDIRECT("1:"&LEN($M25)))))&"M_UP","")) -> 5M_UP | AQ25: 1521
A26: =IF($D26="","",COUNTA($D$5:$D26)) -> 22 | B26: =IF($D26="","","ARM-"&TEXT(COUNTA($D$5:$D26),"0000")) -> ARM-0022 | C26: G-15226031519 | D26: RAGIL NONO DARSONO | E26: 3302151502840005 | F26: 08128687669 | G26: Gumelar | H26: GUMELAR | I26: 5 | J26: 6 | K26: Banyumas | L26: AR-2 | M26: =IFERROR(VLOOKUP(L26, '4_Produk'!C:E, 2, FALSE()), "") -> 20 | N26: =IFERROR(VLOOKUP(L26, '4_Produk'!C:E, 3, FALSE()), "") -> 115000 | O26: 10.152.6.58 | P26: PG-1522602020 | Q26: HWTC072EE89F | S26: 46096 | T26: 50 | U26: 1/1/1:2 | W26: Aktif | Z26: =IF($F26="","",HYPERLINK("https://wa.me/62"&MID($F26,2,LEN($F26)-1)&"?text="&SUBSTITUTE(SUBSTITUTE("Selamat "&IF(HOUR(NOW())<11,"Pagi",IF(HOUR(NOW())<15,"Siang",IF(HOUR(NOW())<18,"Sore","Malam")))&" Bapak/Ibu "&$D26&","&CHAR(10)&CHAR(10)&"Mohon maaf mengganggu waktunya. Saya dari Tim Teknis Armedia Net wilayah Gumelar ingin melakukan konfirmasi data pelanggan."&CHAR(10)&CHAR(10)&"ID Pelanggan: "&$B26&CHAR(10)&"Boleh dibantu konfirmasi RT/RW rumahnya?"&CHAR(10)&"RT: "&CHAR(10)&"RW: "&CHAR(10)&CHAR(10)&"Terima kasih banyak sebelumnya atas kerjasamanya.",CHAR(10),"%0A")," ","%20"),"Chat WA")) -> Chat WA | AA26: =IF($F26="","",HYPERLINK("https://wa.me/62"&MID($F26,2,LEN($F26)-1),"Chat WA")) -> Chat WA | AB26: =IF($F26="","",HYPERLINK("https://wa.me/62"&MID($F26,2,LEN($F26)-1)&"?text="&SUBSTITUTE(SUBSTITUTE("📄 *INVOICE TAGIHAN INTERNET*"&CHAR(10)&"ARMEDIA NET - Gumelar"&CHAR(10)&CHAR(10)&"No. Invoice: "&$B26&"/"&CHOOSE(MONTH(NOW()),"JAN","FEB","MAR","APR","MEI","JUN","JUL","AGU","SEP","OKT","NOV","DES")&YEAR(NOW())&CHAR(10)&"Tanggal: "&TEXT(NOW(),"DD/MM/YYYY")&CHAR(10)&CHAR(10)&"Pelanggan: "&$D26&CHAR(10)&"ID Pelanggan: "&$B26&CHAR(10)&CHAR(10)&"Rincian:"&CHAR(10)&"Paket Internet "&$M26&" Mbps"&CHAR(10)&"Rp"&TEXT($N26,"#,##0")&CHAR(10)&CHAR(10)&"TOTAL TAGIHAN: Rp"&TEXT($N26,"#,##0")&CHAR(10)&CHAR(10)&"Periode: "&CHOOSE(MONTH(NOW()),"Januari","Februari","Maret","April","Mei","Juni","Juli","Agustus","September","Oktober","November","Desember")&" "&YEAR(NOW())&CHAR(10)&CHAR(10)&"Mohon lakukan pembayaran dan konfirmasi setelah transfer. Terima kasih atas kerjasamanya."&CHAR(10)&CHAR(10)&"ARMEDIA NET - Gumelar",CHAR(10),"%0A")," ","%20"),"Kirim Invoice")) -> Kirim Invoice | AC26: =IF($F26="","",HYPERLINK("https://wa.me/62"&MID($F26,2,LEN($F26)-1)&"?text="&SUBSTITUTE(SUBSTITUTE("Selamat "&IF(HOUR(NOW())<11,"Pagi",IF(HOUR(NOW())<15,"Siang",IF(HOUR(NOW())<18,"Sore","Malam")))&" Bapak/Ibu "&$D26&","&CHAR(10)&CHAR(10)&"Mohon maaf mengganggu waktunya. Kami sedang melengkapi dokumentasi data pelanggan ARMEDIA Net."&CHAR(10)&CHAR(10)&"ID Pelanggan: "&$B26&CHAR(10)&"Mohon bantuannya kirim foto rumah tampak depan, dan share lokasi Google Maps rumahnya."&CHAR(10)&CHAR(10)&"Terima kasih banyak atas kerjasamanya.",CHAR(10),"%0A")," ","%20"),"Chat WA")) -> Chat WA | AD26: =IFERROR(VLOOKUP($Q26,'12_ONT_NEW'!$D:$G,4,FALSE()),"") | AH26: =IFERROR(IF($S26="","",DATE(YEAR(TODAY()),MONTH(TODAY()),DAY($S26))),"") -> 46218 | AI26: =IF($F26="","",HYPERLINK("https://wa.me/62"&MID($F26,2,LEN($F26)-1)&"?text="&SUBSTITUTE(SUBSTITUTE("Halo, mengingatkan tagihan yang akan jatuh tempo dalam beberapa hari 🙏"&CHAR(10)&CHAR(10)&"Yth. Bapak/Ibu "&$D26&CHAR(10)&CHAR(10)&"Invoice tagihan internet ARMEDIA Net:"&CHAR(10)&CHAR(10)&"ID Pelanggan: "&$B26&CHAR(10)&"No. Invoice: "&$B26&"-"&TEXT(TODAY(),"yymmdd")&CHAR(10)&"Layanan: Internet "&$M26&" Mbps"&CHAR(10)&"Harga Paket: Rp"&TEXT($N26,"#,##0")&CHAR(10)&"Periode: 1 Bulan"&CHAR(10)&"Jatuh Tempo: "&IF($AH26="","(tgl pasang belum diisi)",TEXT($AH26,"DD-")&CHOOSE(MONTH(TODAY()),"Jan","Feb","Mar","Apr","Mei","Jun","Jul","Agu","Sep","Okt","Nov","Des")&TEXT($AH26,"-YYYY"))&CHAR(10)&CHAR(10)&"Total Tagihan: Rp"&TEXT($N26,"#,##0")&CHAR(10)&CHAR(10)&"Pembayaran transfer ke:"&CHAR(10)&"Bank Mandiri"&CHAR(10)&"006-001-460711-7"&CHAR(10)&"a.n PT AKSES ARTHA MEDIA"&CHAR(10)&CHAR(10)&"Atau bayar tunai ke kantor ARMEDIA Net, Gumelar."&CHAR(10)&"Konfirmasi setelah transfer ya. Terima kasih."&CHAR(10)&CHAR(10)&"Salam, ARMEDIA Net - Gumelar",CHAR(10),"%0A")," ","%20"),"Kirim WA")) -> Kirim WA | AJ26: =IF($F26="","",HYPERLINK("https://wa.me/62"&MID($F26,2,LEN($F26)-1)&"?text="&SUBSTITUTE(SUBSTITUTE("Halo, tagihan internet Anda jatuh tempo HARI INI ya 🗓"&CHAR(10)&CHAR(10)&"Yth. Bapak/Ibu "&$D26&CHAR(10)&CHAR(10)&"Invoice tagihan internet ARMEDIA Net:"&CHAR(10)&CHAR(10)&"ID Pelanggan: "&$B26&CHAR(10)&"No. Invoice: "&$B26&"-"&TEXT(TODAY(),"yymmdd")&CHAR(10)&"Layanan: Internet "&$M26&" Mbps"&CHAR(10)&"Harga Paket: Rp"&TEXT($N26,"#,##0")&CHAR(10)&"Periode: 1 Bulan"&CHAR(10)&"Jatuh Tempo: "&IF($AH26="","(tgl pasang belum diisi)",TEXT($AH26,"DD-")&CHOOSE(MONTH(TODAY()),"Jan","Feb","Mar","Apr","Mei","Jun","Jul","Agu","Sep","Okt","Nov","Des")&TEXT($AH26,"-YYYY"))&CHAR(10)&CHAR(10)&"Total Tagihan: Rp"&TEXT($N26,"#,##0")&CHAR(10)&CHAR(10)&"Pembayaran transfer ke:"&CHAR(10)&"Bank Mandiri"&CHAR(10)&"006-001-460711-7"&CHAR(10)&"a.n PT AKSES ARTHA MEDIA"&CHAR(10)&CHAR(10)&"Atau bayar tunai ke kantor ARMEDIA Net, Gumelar."&CHAR(10)&"Konfirmasi setelah transfer ya. Terima kasih."&CHAR(10)&CHAR(10)&"Salam, ARMEDIA Net - Gumelar",CHAR(10),"%0A")," ","%20"),"Kirim WA")) -> Kirim WA | AK26: =IF($F26="","",HYPERLINK("https://wa.me/62"&MID($F26,2,LEN($F26)-1)&"?text="&SUBSTITUTE(SUBSTITUTE("Halo, tagihan internet Anda sudah MELEWATI jatuh tempo. Mohon segera diselesaikan agar layanan tidak terputus 🙏"&CHAR(10)&CHAR(10)&"Yth. Bapak/Ibu "&$D26&CHAR(10)&CHAR(10)&"Invoice tagihan internet ARMEDIA Net:"&CHAR(10)&CHAR(10)&"ID Pelanggan: "&$B26&CHAR(10)&"No. Invoice: "&$B26&"-"&TEXT(TODAY(),"yymmdd")&CHAR(10)&"Layanan: Internet "&$M26&" Mbps"&CHAR(10)&"Harga Paket: Rp"&TEXT($N26,"#,##0")&CHAR(10)&"Periode: 1 Bulan"&CHAR(10)&"Jatuh Tempo: "&IF($AH26="","(tgl pasang belum diisi)",TEXT($AH26,"DD-")&CHOOSE(MONTH(TODAY()),"Jan","Feb","Mar","Apr","Mei","Jun","Jul","Agu","Sep","Okt","Nov","Des")&TEXT($AH26,"-YYYY"))&CHAR(10)&CHAR(10)&"Total Tagihan: Rp"&TEXT($N26,"#,##0")&CHAR(10)&CHAR(10)&"Pembayaran transfer ke:"&CHAR(10)&"Bank Mandiri"&CHAR(10)&"006-001-460711-7"&CHAR(10)&"a.n PT AKSES ARTHA MEDIA"&CHAR(10)&CHAR(10)&"Atau bayar tunai ke kantor ARMEDIA Net, Gumelar."&CHAR(10)&"Konfirmasi setelah transfer ya. Terima kasih."&CHAR(10)&CHAR(10)&"Salam, ARMEDIA Net - Gumelar",CHAR(10),"%0A")," ","%20"),"Kirim WA")) -> Kirim WA | AL26: =IFERROR(IF(OR($S26="",$N26=""),"",ROUND((30-DAY($S26))*$N26/30,0)),"") -> 57500 | AM26: =IF($F26="","",HYPERLINK("https://wa.me/62"&MID($F26,2,LEN($F26)-1)&"?text="&SUBSTITUTE(SUBSTITUTE("Selamat datang di ARMEDIA Net, Bapak/Ibu "&$D26&"!"&CHAR(10)&CHAR(10)&"Terima kasih sudah bergabung. Berikut invoice TAGIHAN PERTAMA Anda:"&CHAR(10)&CHAR(10)&"ID Pelanggan: "&$B26&CHAR(10)&"Layanan: Internet "&$M26&" Mbps"&CHAR(10)&"Harga Normal: Rp"&TEXT($N26,"#,##0")&"/bulan"&CHAR(10)&"Tanggal Pasang: "&IF($S26="","-",TEXT($S26,"DD ")&CHOOSE(MONTH(TODAY()),"Jan","Feb","Mar","Apr","Mei","Jun","Jul","Agu","Sep","Okt","Nov","Des")&TEXT($S26,"-YYYY"))&CHAR(10)&CHAR(10)&"TAGIHAN BULAN PERTAMA (pro-rata):"&CHAR(10)&"Rp"&IF($AL26="","-",TEXT($AL26,"#,##0"))&CHAR(10)&CHAR(10)&"Kenapa beda dari harga normal? Karena tagihan bulan pertama dihitung dari tanggal pasang (bukan awal bulan). Bulan berikutnya sudah normal Rp"&TEXT($N26,"#,##0")&"."&CHAR(10)&CHAR(10)&"Pembayaran transfer ke:"&CHAR(10)&"Bank Mandiri"&CHAR(10)&"006-001-460711-7"&CHAR(10)&"a.n PT AKSES ARTHA MEDIA"&CHAR(10)&CHAR(10)&"Atau tunai ke kantor ARMEDIA Net, Gumelar."&CHAR(10)&"Konfirmasi setelah transfer ya. Terima kasih!"&CHAR(10)&CHAR(10)&"Salam, ARMEDIA Net - Gumelar",CHAR(10),"%0A")," ","%20"),"Kirim Invoice")) -> Kirim Invoice | AP26: =IF($M26="","",IFERROR(LOOKUP(9999,--LEFT($M26,ROW(INDIRECT("1:"&LEN($M26)))))&"M_UP","")) -> 2M_UP | AQ26: 1521
A27: =IF($D27="","",COUNTA($D$5:$D27)) -> 23 | B27: =IF($D27="","","ARM-"&TEXT(COUNTA($D$5:$D27),"0000")) -> ARM-0023 | C27: G-15226031520 | D27: DESTI DWI HARIYANTO | F27: 081327310004 | G27: Gumelar | K27: Banyumas | L27: AR-2 | M27: =IFERROR(VLOOKUP(L27, '4_Produk'!C:E, 2, FALSE()), "") -> 20 | N27: =IFERROR(VLOOKUP(L27, '4_Produk'!C:E, 3, FALSE()), "") -> 115000 | O27: 10.152.6.50 | P27: PG-1522602021 | Q27: HWTC072EDEDF | S27: 46096 | T27: 175 | U27: 1/1/5:3 | W27: Aktif | Z27: =IF($F27="","",HYPERLINK("https://wa.me/62"&MID($F27,2,LEN($F27)-1)&"?text="&SUBSTITUTE(SUBSTITUTE("Selamat "&IF(HOUR(NOW())<11,"Pagi",IF(HOUR(NOW())<15,"Siang",IF(HOUR(NOW())<18,"Sore","Malam")))&" Bapak/Ibu "&$D27&","&CHAR(10)&CHAR(10)&"Mohon maaf mengganggu waktunya. Saya dari Tim Teknis Armedia Net wilayah Gumelar ingin melakukan konfirmasi data pelanggan."&CHAR(10)&CHAR(10)&"ID Pelanggan: "&$B27&CHAR(10)&"Boleh dibantu konfirmasi RT/RW rumahnya?"&CHAR(10)&"RT: "&CHAR(10)&"RW: "&CHAR(10)&CHAR(10)&"Terima kasih banyak sebelumnya atas kerjasamanya.",CHAR(10),"%0A")," ","%20"),"Chat WA")) -> Chat WA | AA27: =IF($F27="","",HYPERLINK("https://wa.me/62"&MID($F27,2,LEN($F27)-1),"Chat WA")) -> Chat WA | AB27: =IF($F27="","",HYPERLINK("https://wa.me/62"&MID($F27,2,LEN($F27)-1)&"?text="&SUBSTITUTE(SUBSTITUTE("📄 *INVOICE TAGIHAN INTERNET*"&CHAR(10)&"ARMEDIA NET - Gumelar"&CHAR(10)&CHAR(10)&"No. Invoice: "&$B27&"/"&CHOOSE(MONTH(NOW()),"JAN","FEB","MAR","APR","MEI","JUN","JUL","AGU","SEP","OKT","NOV","DES")&YEAR(NOW())&CHAR(10)&"Tanggal: "&TEXT(NOW(),"DD/MM/YYYY")&CHAR(10)&CHAR(10)&"Pelanggan: "&$D27&CHAR(10)&"ID Pelanggan: "&$B27&CHAR(10)&CHAR(10)&"Rincian:"&CHAR(10)&"Paket Internet "&$M27&" Mbps"&CHAR(10)&"Rp"&TEXT($N27,"#,##0")&CHAR(10)&CHAR(10)&"TOTAL TAGIHAN: Rp"&TEXT($N27,"#,##0")&CHAR(10)&CHAR(10)&"Periode: "&CHOOSE(MONTH(NOW()),"Januari","Februari","Maret","April","Mei","Juni","Juli","Agustus","September","Oktober","November","Desember")&" "&YEAR(NOW())&CHAR(10)&CHAR(10)&"Mohon lakukan pembayaran dan konfirmasi setelah transfer. Terima kasih atas kerjasamanya."&CHAR(10)&CHAR(10)&"ARMEDIA NET - Gumelar",CHAR(10),"%0A")," ","%20"),"Kirim Invoice")) -> Kirim Invoice | AC27: =IF($F27="","",HYPERLINK("https://wa.me/62"&MID($F27,2,LEN($F27)-1)&"?text="&SUBSTITUTE(SUBSTITUTE("Selamat "&IF(HOUR(NOW())<11,"Pagi",IF(HOUR(NOW())<15,"Siang",IF(HOUR(NOW())<18,"Sore","Malam")))&" Bapak/Ibu "&$D27&","&CHAR(10)&CHAR(10)&"Mohon maaf mengganggu waktunya. Kami sedang melengkapi dokumentasi data pelanggan ARMEDIA Net."&CHAR(10)&CHAR(10)&"ID Pelanggan: "&$B27&CHAR(10)&"Mohon bantuannya kirim foto rumah tampak depan, dan share lokasi Google Maps rumahnya."&CHAR(10)&CHAR(10)&"Terima kasih banyak atas kerjasamanya.",CHAR(10),"%0A")," ","%20"),"Chat WA")) -> Chat WA | AD27: =IFERROR(VLOOKUP($Q27,'12_ONT_NEW'!$D:$G,4,FALSE()),"") | AH27: =IFERROR(IF($S27="","",DATE(YEAR(TODAY()),MONTH(TODAY()),DAY($S27))),"") -> 46218 | AI27: =IF($F27="","",HYPERLINK("https://wa.me/62"&MID($F27,2,LEN($F27)-1)&"?text="&SUBSTITUTE(SUBSTITUTE("Halo, mengingatkan tagihan yang akan jatuh tempo dalam beberapa hari 🙏"&CHAR(10)&CHAR(10)&"Yth. Bapak/Ibu "&$D27&CHAR(10)&CHAR(10)&"Invoice tagihan internet ARMEDIA Net:"&CHAR(10)&CHAR(10)&"ID Pelanggan: "&$B27&CHAR(10)&"No. Invoice: "&$B27&"-"&TEXT(TODAY(),"yymmdd")&CHAR(10)&"Layanan: Internet "&$M27&" Mbps"&CHAR(10)&"Harga Paket: Rp"&TEXT($N27,"#,##0")&CHAR(10)&"Periode: 1 Bulan"&CHAR(10)&"Jatuh Tempo: "&IF($AH27="","(tgl pasang belum diisi)",TEXT($AH27,"DD-")&CHOOSE(MONTH(TODAY()),"Jan","Feb","Mar","Apr","Mei","Jun","Jul","Agu","Sep","Okt","Nov","Des")&TEXT($AH27,"-YYYY"))&CHAR(10)&CHAR(10)&"Total Tagihan: Rp"&TEXT($N27,"#,##0")&CHAR(10)&CHAR(10)&"Pembayaran transfer ke:"&CHAR(10)&"Bank Mandiri"&CHAR(10)&"006-001-460711-7"&CHAR(10)&"a.n PT AKSES ARTHA MEDIA"&CHAR(10)&CHAR(10)&"Atau bayar tunai ke kantor ARMEDIA Net, Gumelar."&CHAR(10)&"Konfirmasi setelah transfer ya. Terima kasih."&CHAR(10)&CHAR(10)&"Salam, ARMEDIA Net - Gumelar",CHAR(10),"%0A")," ","%20"),"Kirim WA")) -> Kirim WA | AJ27: =IF($F27="","",HYPERLINK("https://wa.me/62"&MID($F27,2,LEN($F27)-1)&"?text="&SUBSTITUTE(SUBSTITUTE("Halo, tagihan internet Anda jatuh tempo HARI INI ya 🗓"&CHAR(10)&CHAR(10)&"Yth. Bapak/Ibu "&$D27&CHAR(10)&CHAR(10)&"Invoice tagihan internet ARMEDIA Net:"&CHAR(10)&CHAR(10)&"ID Pelanggan: "&$B27&CHAR(10)&"No. Invoice: "&$B27&"-"&TEXT(TODAY(),"yymmdd")&CHAR(10)&"Layanan: Internet "&$M27&" Mbps"&CHAR(10)&"Harga Paket: Rp"&TEXT($N27,"#,##0")&CHAR(10)&"Periode: 1 Bulan"&CHAR(10)&"Jatuh Tempo: "&IF($AH27="","(tgl pasang belum diisi)",TEXT($AH27,"DD-")&CHOOSE(MONTH(TODAY()),"Jan","Feb","Mar","Apr","Mei","Jun","Jul","Agu","Sep","Okt","Nov","Des")&TEXT($AH27,"-YYYY"))&CHAR(10)&CHAR(10)&"Total Tagihan: Rp"&TEXT($N27,"#,##0")&CHAR(10)&CHAR(10)&"Pembayaran transfer ke:"&CHAR(10)&"Bank Mandiri"&CHAR(10)&"006-001-460711-7"&CHAR(10)&"a.n PT AKSES ARTHA MEDIA"&CHAR(10)&CHAR(10)&"Atau bayar tunai ke kantor ARMEDIA Net, Gumelar."&CHAR(10)&"Konfirmasi setelah transfer ya. Terima kasih."&CHAR(10)&CHAR(10)&"Salam, ARMEDIA Net - Gumelar",CHAR(10),"%0A")," ","%20"),"Kirim WA")) -> Kirim WA | AK27: =IF($F27="","",HYPERLINK("https://wa.me/62"&MID($F27,2,LEN($F27)-1)&"?text="&SUBSTITUTE(SUBSTITUTE("Halo, tagihan internet Anda sudah MELEWATI jatuh tempo. Mohon segera diselesaikan agar layanan tidak terputus 🙏"&CHAR(10)&CHAR(10)&"Yth. Bapak/Ibu "&$D27&CHAR(10)&CHAR(10)&"Invoice tagihan internet ARMEDIA Net:"&CHAR(10)&CHAR(10)&"ID Pelanggan: "&$B27&CHAR(10)&"No. Invoice: "&$B27&"-"&TEXT(TODAY(),"yymmdd")&CHAR(10)&"Layanan: Internet "&$M27&" Mbps"&CHAR(10)&"Harga Paket: Rp"&TEXT($N27,"#,##0")&CHAR(10)&"Periode: 1 Bulan"&CHAR(10)&"Jatuh Tempo: "&IF($AH27="","(tgl pasang belum diisi)",TEXT($AH27,"DD-")&CHOOSE(MONTH(TODAY()),"Jan","Feb","Mar","Apr","Mei","Jun","Jul","Agu","Sep","Okt","Nov","Des")&TEXT($AH27,"-YYYY"))&CHAR(10)&CHAR(10)&"Total Tagihan: Rp"&TEXT($N27,"#,##0")&CHAR(10)&CHAR(10)&"Pembayaran transfer ke:"&CHAR(10)&"Bank Mandiri"&CHAR(10)&"006-001-460711-7"&CHAR(10)&"a.n PT AKSES ARTHA MEDIA"&CHAR(10)&CHAR(10)&"Atau bayar tunai ke kantor ARMEDIA Net, Gumelar."&CHAR(10)&"Konfirmasi setelah transfer ya. Terima kasih."&CHAR(10)&CHAR(10)&"Salam, ARMEDIA Net - Gumelar",CHAR(10),"%0A")," ","%20"),"Kirim WA")) -> Kirim WA | AL27: =IFERROR(IF(OR($S27="",$N27=""),"",ROUND((30-DAY($S27))*$N27/30,0)),"") -> 57500 | AM27: =IF($F27="","",HYPERLINK("https://wa.me/62"&MID($F27,2,LEN($F27)-1)&"?text="&SUBSTITUTE(SUBSTITUTE("Selamat datang di ARMEDIA Net, Bapak/Ibu "&$D27&"!"&CHAR(10)&CHAR(10)&"Terima kasih sudah bergabung. Berikut invoice TAGIHAN PERTAMA Anda:"&CHAR(10)&CHAR(10)&"ID Pelanggan: "&$B27&CHAR(10)&"Layanan: Internet "&$M27&" Mbps"&CHAR(10)&"Harga Normal: Rp"&TEXT($N27,"#,##0")&"/bulan"&CHAR(10)&"Tanggal Pasang: "&IF($S27="","-",TEXT($S27,"DD ")&CHOOSE(MONTH(TODAY()),"Jan","Feb","Mar","Apr","Mei","Jun","Jul","Agu","Sep","Okt","Nov","Des")&TEXT($S27,"-YYYY"))&CHAR(10)&CHAR(10)&"TAGIHAN BULAN PERTAMA (pro-rata):"&CHAR(10)&"Rp"&IF($AL27="","-",TEXT($AL27,"#,##0"))&CHAR(10)&CHAR(10)&"Kenapa beda dari harga normal? Karena tagihan bulan pertama dihitung dari tanggal pasang (bukan awal bulan). Bulan berikutnya sudah normal Rp"&TEXT($N27,"#,##0")&"."&CHAR(10)&CHAR(10)&"Pembayaran transfer ke:"&CHAR(10)&"Bank Mandiri"&CHAR(10)&"006-001-460711-7"&CHAR(10)&"a.n PT AKSES ARTHA MEDIA"&CHAR(10)&CHAR(10)&"Atau tunai ke kantor ARMEDIA Net, Gumelar."&CHAR(10)&"Konfirmasi setelah transfer ya. Terima kasih!"&CHAR(10)&CHAR(10)&"Salam, ARMEDIA Net - Gumelar",CHAR(10),"%0A")," ","%20"),"Kirim Invoice")) -> Kirim Invoice | AP27: =IF($M27="","",IFERROR(LOOKUP(9999,--LEFT($M27,ROW(INDIRECT("1:"&LEN($M27)))))&"M_UP","")) -> 2M_UP | AQ27: 1521
A28: =IF($D28="","",COUNTA($D$5:$D28)) -> 24 | B28: =IF($D28="","","ARM-"&TEXT(COUNTA($D$5:$D28),"0000")) -> ARM-0024 | C28: G-15226031521 | D28: MAKIR | F28: 089682547470 | G28: Gumelar | H28: CIHONJE | I28: 5 | J28: 2 | K28: Banyumas | L28: AR-2 | M28: =IFERROR(VLOOKUP(L28, '4_Produk'!C:E, 2, FALSE()), "") -> 20 | N28: =IFERROR(VLOOKUP(L28, '4_Produk'!C:E, 3, FALSE()), "") -> 115000 | O28: 10.152.6.82 | P28: PG-1522602022 | Q28: HWTC072EBC0F | S28: 46096 | T28: 80 | U28: 1/1/3:5 | W28: Aktif | Z28: =IF($F28="","",HYPERLINK("https://wa.me/62"&MID($F28,2,LEN($F28)-1)&"?text="&SUBSTITUTE(SUBSTITUTE("Selamat "&IF(HOUR(NOW())<11,"Pagi",IF(HOUR(NOW())<15,"Siang",IF(HOUR(NOW())<18,"Sore","Malam")))&" Bapak/Ibu "&$D28&","&CHAR(10)&CHAR(10)&"Mohon maaf mengganggu waktunya. Saya dari Tim Teknis Armedia Net wilayah Gumelar ingin melakukan konfirmasi data pelanggan."&CHAR(10)&CHAR(10)&"ID Pelanggan: "&$B28&CHAR(10)&"Boleh dibantu konfirmasi RT/RW rumahnya?"&CHAR(10)&"RT: "&CHAR(10)&"RW: "&CHAR(10)&CHAR(10)&"Terima kasih banyak sebelumnya atas kerjasamanya.",CHAR(10),"%0A")," ","%20"),"Chat WA")) -> Chat WA | AA28: =IF($F28="","",HYPERLINK("https://wa.me/62"&MID($F28,2,LEN($F28)-1),"Chat WA")) -> Chat WA | AB28: =IF($F28="","",HYPERLINK("https://wa.me/62"&MID($F28,2,LEN($F28)-1)&"?text="&SUBSTITUTE(SUBSTITUTE("📄 *INVOICE TAGIHAN INTERNET*"&CHAR(10)&"ARMEDIA NET - Gumelar"&CHAR(10)&CHAR(10)&"No. Invoice: "&$B28&"/"&CHOOSE(MONTH(NOW()),"JAN","FEB","MAR","APR","MEI","JUN","JUL","AGU","SEP","OKT","NOV","DES")&YEAR(NOW())&CHAR(10)&"Tanggal: "&TEXT(NOW(),"DD/MM/YYYY")&CHAR(10)&CHAR(10)&"Pelanggan: "&$D28&CHAR(10)&"ID Pelanggan: "&$B28&CHAR(10)&CHAR(10)&"Rincian:"&CHAR(10)&"Paket Internet "&$M28&" Mbps"&CHAR(10)&"Rp"&TEXT($N28,"#,##0")&CHAR(10)&CHAR(10)&"TOTAL TAGIHAN: Rp"&TEXT($N28,"#,##0")&CHAR(10)&CHAR(10)&"Periode: "&CHOOSE(MONTH(NOW()),"Januari","Februari","Maret","April","Mei","Juni","Juli","Agustus","September","Oktober","November","Desember")&" "&YEAR(NOW())&CHAR(10)&CHAR(10)&"Mohon lakukan pembayaran dan konfirmasi setelah transfer. Terima kasih atas kerjasamanya."&CHAR(10)&CHAR(10)&"ARMEDIA NET - Gumelar",CHAR(10),"%0A")," ","%20"),"Kirim Invoice")) -> Kirim Invoice | AC28: =IF($F28="","",HYPERLINK("https://wa.me/62"&MID($F28,2,LEN($F28)-1)&"?text="&SUBSTITUTE(SUBSTITUTE("Selamat "&IF(HOUR(NOW())<11,"Pagi",IF(HOUR(NOW())<15,"Siang",IF(HOUR(NOW())<18,"Sore","Malam")))&" Bapak/Ibu "&$D28&","&CHAR(10)&CHAR(10)&"Mohon maaf mengganggu waktunya. Kami sedang melengkapi dokumentasi data pelanggan ARMEDIA Net."&CHAR(10)&CHAR(10)&"ID Pelanggan: "&$B28&CHAR(10)&"Mohon bantuannya kirim foto rumah tampak depan, dan share lokasi Google Maps rumahnya."&CHAR(10)&CHAR(10)&"Terima kasih banyak atas kerjasamanya.",CHAR(10),"%0A")," ","%20"),"Chat WA")) -> Chat WA | AD28: =IFERROR(VLOOKUP($Q28,'12_ONT_NEW'!$D:$G,4,FALSE()),"") | AH28: =IFERROR(IF($S28="","",DATE(YEAR(TODAY()),MONTH(TODAY()),DAY($S28))),"") -> 46218 | AI28: =IF($F28="","",HYPERLINK("https://wa.me/62"&MID($F28,2,LEN($F28)-1)&"?text="&SUBSTITUTE(SUBSTITUTE("Halo, mengingatkan tagihan yang akan jatuh tempo dalam beberapa hari 🙏"&CHAR(10)&CHAR(10)&"Yth. Bapak/Ibu "&$D28&CHAR(10)&CHAR(10)&"Invoice tagihan internet ARMEDIA Net:"&CHAR(10)&CHAR(10)&"ID Pelanggan: "&$B28&CHAR(10)&"No. Invoice: "&$B28&"-"&TEXT(TODAY(),"yymmdd")&CHAR(10)&"Layanan: Internet "&$M28&" Mbps"&CHAR(10)&"Harga Paket: Rp"&TEXT($N28,"#,##0")&CHAR(10)&"Periode: 1 Bulan"&CHAR(10)&"Jatuh Tempo: "&IF($AH28="","(tgl pasang belum diisi)",TEXT($AH28,"DD-")&CHOOSE(MONTH(TODAY()),"Jan","Feb","Mar","Apr","Mei","Jun","Jul","Agu","Sep","Okt","Nov","Des")&TEXT($AH28,"-YYYY"))&CHAR(10)&CHAR(10)&"Total Tagihan: Rp"&TEXT($N28,"#,##0")&CHAR(10)&CHAR(10)&"Pembayaran transfer ke:"&CHAR(10)&"Bank Mandiri"&CHAR(10)&"006-001-460711-7"&CHAR(10)&"a.n PT AKSES ARTHA MEDIA"&CHAR(10)&CHAR(10)&"Atau bayar tunai ke kantor ARMEDIA Net, Gumelar."&CHAR(10)&"Konfirmasi setelah transfer ya. Terima kasih."&CHAR(10)&CHAR(10)&"Salam, ARMEDIA Net - Gumelar",CHAR(10),"%0A")," ","%20"),"Kirim WA")) -> Kirim WA | AJ28: =IF($F28="","",HYPERLINK("https://wa.me/62"&MID($F28,2,LEN($F28)-1)&"?text="&SUBSTITUTE(SUBSTITUTE("Halo, tagihan internet Anda jatuh tempo HARI INI ya 🗓"&CHAR(10)&CHAR(10)&"Yth. Bapak/Ibu "&$D28&CHAR(10)&CHAR(10)&"Invoice tagihan internet ARMEDIA Net:"&CHAR(10)&CHAR(10)&"ID Pelanggan: "&$B28&CHAR(10)&"No. Invoice: "&$B28&"-"&TEXT(TODAY(),"yymmdd")&CHAR(10)&"Layanan: Internet "&$M28&" Mbps"&CHAR(10)&"Harga Paket: Rp"&TEXT($N28,"#,##0")&CHAR(10)&"Periode: 1 Bulan"&CHAR(10)&"Jatuh Tempo: "&IF($AH28="","(tgl pasang belum diisi)",TEXT($AH28,"DD-")&CHOOSE(MONTH(TODAY()),"Jan","Feb","Mar","Apr","Mei","Jun","Jul","Agu","Sep","Okt","Nov","Des")&TEXT($AH28,"-YYYY"))&CHAR(10)&CHAR(10)&"Total Tagihan: Rp"&TEXT($N28,"#,##0")&CHAR(10)&CHAR(10)&"Pembayaran transfer ke:"&CHAR(10)&"Bank Mandiri"&CHAR(10)&"006-001-460711-7"&CHAR(10)&"a.n PT AKSES ARTHA MEDIA"&CHAR(10)&CHAR(10)&"Atau bayar tunai ke kantor ARMEDIA Net, Gumelar."&CHAR(10)&"Konfirmasi setelah transfer ya. Terima kasih."&CHAR(10)&CHAR(10)&"Salam, ARMEDIA Net - Gumelar",CHAR(10),"%0A")," ","%20"),"Kirim WA")) -> Kirim WA | AK28: =IF($F28="","",HYPERLINK("https://wa.me/62"&MID($F28,2,LEN($F28)-1)&"?text="&SUBSTITUTE(SUBSTITUTE("Halo, tagihan internet Anda sudah MELEWATI jatuh tempo. Mohon segera diselesaikan agar layanan tidak terputus 🙏"&CHAR(10)&CHAR(10)&"Yth. Bapak/Ibu "&$D28&CHAR(10)&CHAR(10)&"Invoice tagihan internet ARMEDIA Net:"&CHAR(10)&CHAR(10)&"ID Pelanggan: "&$B28&CHAR(10)&"No. Invoice: "&$B28&"-"&TEXT(TODAY(),"yymmdd")&CHAR(10)&"Layanan: Internet "&$M28&" Mbps"&CHAR(10)&"Harga Paket: Rp"&TEXT($N28,"#,##0")&CHAR(10)&"Periode: 1 Bulan"&CHAR(10)&"Jatuh Tempo: "&IF($AH28="","(tgl pasang belum diisi)",TEXT($AH28,"DD-")&CHOOSE(MONTH(TODAY()),"Jan","Feb","Mar","Apr","Mei","Jun","Jul","Agu","Sep","Okt","Nov","Des")&TEXT($AH28,"-YYYY"))&CHAR(10)&CHAR(10)&"Total Tagihan: Rp"&TEXT($N28,"#,##0")&CHAR(10)&CHAR(10)&"Pembayaran transfer ke:"&CHAR(10)&"Bank Mandiri"&CHAR(10)&"006-001-460711-7"&CHAR(10)&"a.n PT AKSES ARTHA MEDIA"&CHAR(10)&CHAR(10)&"Atau bayar tunai ke kantor ARMEDIA Net, Gumelar."&CHAR(10)&"Konfirmasi setelah transfer ya. Terima kasih."&CHAR(10)&CHAR(10)&"Salam, ARMEDIA Net - Gumelar",CHAR(10),"%0A")," ","%20"),"Kirim WA")) -> Kirim WA | AL28: =IFERROR(IF(OR($S28="",$N28=""),"",ROUND((30-DAY($S28))*$N28/30,0)),"") -> 57500 | AM28: =IF($F28="","",HYPERLINK("https://wa.me/62"&MID($F28,2,LEN($F28)-1)&"?text="&SUBSTITUTE(SUBSTITUTE("Selamat datang di ARMEDIA Net, Bapak/Ibu "&$D28&"!"&CHAR(10)&CHAR(10)&"Terima kasih sudah bergabung. Berikut invoice TAGIHAN PERTAMA Anda:"&CHAR(10)&CHAR(10)&"ID Pelanggan: "&$B28&CHAR(10)&"Layanan: Internet "&$M28&" Mbps"&CHAR(10)&"Harga Normal: Rp"&TEXT($N28,"#,##0")&"/bulan"&CHAR(10)&"Tanggal Pasang: "&IF($S28="","-",TEXT($S28,"DD ")&CHOOSE(MONTH(TODAY()),"Jan","Feb","Mar","Apr","Mei","Jun","Jul","Agu","Sep","Okt","Nov","Des")&TEXT($S28,"-YYYY"))&CHAR(10)&CHAR(10)&"TAGIHAN BULAN PERTAMA (pro-rata):"&CHAR(10)&"Rp"&IF($AL28="","-",TEXT($AL28,"#,##0"))&CHAR(10)&CHAR(10)&"Kenapa beda dari harga normal? Karena tagihan bulan pertama dihitung dari tanggal pasang (bukan awal bulan). Bulan berikutnya sudah normal Rp"&TEXT($N28,"#,##0")&"."&CHAR(10)&CHAR(10)&"Pembayaran transfer ke:"&CHAR(10)&"Bank Mandiri"&CHAR(10)&"006-001-460711-7"&CHAR(10)&"a.n PT AKSES ARTHA MEDIA"&CHAR(10)&CHAR(10)&"Atau tunai ke kantor ARMEDIA Net, Gumelar."&CHAR(10)&"Konfirmasi setelah transfer ya. Terima kasih!"&CHAR(10)&CHAR(10)&"Salam, ARMEDIA Net - Gumelar",CHAR(10),"%0A")," ","%20"),"Kirim Invoice")) -> Kirim Invoice | AP28: =IF($M28="","",IFERROR(LOOKUP(9999,--LEFT($M28,ROW(INDIRECT("1:"&LEN($M28)))))&"M_UP","")) -> 2M_UP | AQ28: 1521
